kappa_g,drive,beta_abs
0,0,0
0,0.025000000000000001,0
0,0.050000000000000003,0
0,0.074999999999999997,0
0,0.10000000000000001,0
0,0.125,0
0,0.14999999999999999,0
0,0.17499999999999999,0
0,0.20000000000000001,0
0,0.22500000000000001,0
0,0.25,0
0,0.27500000000000002,0
0,0.29999999999999999,0
0,0.32500000000000001,0
0,0.34999999999999998,0
0,0.375,0
0,0.40000000000000002,0
0,0.42499999999999999,0
0,0.45000000000000001,0
0,0.47499999999999998,0
0,0.5,0
0,0.52500000000000002,0
0,0.55000000000000004,0
0,0.57499999999999996,0
0,0.59999999999999998,0
0,0.625,0
0,0.65000000000000002,0
0,0.67500000000000004,0
0,0.69999999999999996,0
0,0.72499999999999998,0
0,0.75,0
0,0.77500000000000002,0
0,0.80000000000000004,0
0,0.82499999999999996,0
0,0.84999999999999998,0
0,0.875,0
0,0.90000000000000002,0
0,0.92500000000000004,0
0,0.94999999999999996,0
0,0.97499999999999998,0
0,1,0
0,1.0249999999999999,0
0,1.05,0
0,1.075,0
0,1.1000000000000001,0
0,1.125,0
0,1.1499999999999999,0
0,1.175,0
0,1.2,0
0,1.2250000000000001,0
0,1.25,0
0,1.2749999999999999,0
0,1.3,0
0,1.325,0
0,1.3500000000000001,0
0,1.375,0
0,1.3999999999999999,0
0,1.425,0
0,1.45,0
0,1.4750000000000001,0
0,1.5,0
0.016666666666666666,0,0
0.016666666666666666,0.025000000000000001,0.00041666664255401406
0.016666666666666666,0.050000000000000003,0.00083333314043215246
0.016666666666666666,0.074999999999999997,0.0012499993489587401
0.016666666666666666,0.10000000000000001,0.0016666651234585048
0.016666666666666666,0.125,0.002083330319256776
0.016666666666666666,0.14999999999999999,0.0024999947916796877
0.016666666666666666,0.17499999999999999,0.0029166583960543772
0.016666666666666666,0.20000000000000001,0.0033333209877091908
0.016666666666666666,0.22500000000000001,0.0037499824219738762
0.016666666666666666,0.25,0.004166642554179794
0.016666666666666666,0.27500000000000002,0.0045833012396601083
0.016666666666666666,0.29999999999999999,0.004999958333749996
0.016666666666666666,0.32500000000000001,0.0054166136917868429
0.016666666666666666,0.34999999999999998,0.0058332671691104449
0.016666666666666666,0.375,0.0062499186210632132
0.016666666666666666,0.40000000000000002,0.0066665679029903665
0.016666666666666666,0.42499999999999999,0.0070832148702401421
0.016666666666666666,0.45000000000000001,0.0074998593781639899
0.016666666666666666,0.47499999999999998,0.0079165012821167755
0.016666666666666666,0.5,0.0083331404374569831
0.016666666666666666,0.52500000000000002,0.0087497766995469073
0.016666666666666666,0.55000000000000004,0.009166409923752868
0.016666666666666666,0.57499999999999996,0.0095830399654454005
0.016666666666666666,0.59999999999999998,0.0099996666799994603
0.016666666666666666,0.625,0.010416289922794622
0.016666666666666666,0.65000000000000002,0.010832909549215286
0.016666666666666666,0.67500000000000004,0.011249525414650869
0.016666666666666666,0.69999999999999996,0.011666137374496011
0.016666666666666666,0.72499999999999998,0.01208274528415078
0.016666666666666666,0.75,0.012499348999020865
0.016666666666666666,0.77500000000000002,0.012915948374517778
0.016666666666666666,0.80000000000000004,0.013332543266059059
0.016666666666666666,0.82499999999999996,0.01374913352906847
0.016666666666666666,0.84999999999999998,0.014165719018976211
0.016666666666666666,0.875,0.014582299591219098
0.016666666666666666,0.90000000000000002,0.014998875101240778
0.016666666666666666,0.92500000000000004,0.015415445404491933
0.016666666666666666,0.94999999999999996,0.015832010356430455
0.016666666666666666,0.97499999999999998,0.016248569812521697
0.016666666666666666,1,0.016665123628238611
0.016666666666666666,1.0249999999999999,0.017081671659061999
0.016666666666666666,1.05,0.017498213760480691
0.016666666666666666,1.075,0.017914749787991735
0.016666666666666666,1.1000000000000001,0.018331279597100639
0.016666666666666666,1.125,0.018747803043321513
0.016666666666666666,1.1499999999999999,0.019164319982177325
0.016666666666666666,1.175,0.019580830269200055
0.016666666666666666,1.2,0.01999733375993093
0.016666666666666666,1.2250000000000001,0.020413830309920611
0.016666666666666666,1.25,0.020830319774729385
0.016666666666666666,1.2749999999999999,0.02124680200992738
0.016666666666666666,1.3,0.021663276871094761
0.016666666666666666,1.325,0.02207974421382191
0.016666666666666666,1.3500000000000001,0.022496203893709672
0.016666666666666666,1.375,0.0229126557663695
0.016666666666666666,1.3999999999999999,0.023329099687423704
0.016666666666666666,1.425,0.023745535512505619
0.016666666666666666,1.45,0.024161963097259806
0.016666666666666666,1.4750000000000001,0.024578382297342286
0.016666666666666666,1.5,0.024994792968420686
0.033333333333333333,0,0
0.033333333333333333,0.025000000000000001,0.00083333314043215246
0.033333333333333333,0.050000000000000003,0.0016666651234585048
0.033333333333333333,0.074999999999999997,0.0024999947916796877
0.033333333333333333,0.10000000000000001,0.0033333209877091908
0.033333333333333333,0.125,0.004166642554179794
0.033333333333333333,0.14999999999999999,0.004999958333749996
0.033333333333333333,0.17499999999999999,0.0058332671691104449
0.033333333333333333,0.20000000000000001,0.0066665679029903665
0.033333333333333333,0.22500000000000001,0.0074998593781639899
0.033333333333333333,0.25,0.0083331404374569831
0.033333333333333333,0.27500000000000002,0.009166409923752868
0.033333333333333333,0.29999999999999999,0.0099996666799994603
0.033333333333333333,0.32500000000000001,0.010832909549215286
0.033333333333333333,0.34999999999999998,0.011666137374496011
0.033333333333333333,0.375,0.012499348999020865
0.033333333333333333,0.40000000000000002,0.013332543266059059
0.033333333333333333,0.42499999999999999,0.014165719018976211
0.033333333333333333,0.45000000000000001,0.014998875101240778
0.033333333333333333,0.47499999999999998,0.015832010356430455
0.033333333333333333,0.5,0.016665123628238611
0.033333333333333333,0.52500000000000002,0.017498213760480691
0.033333333333333333,0.55000000000000004,0.018331279597100639
0.033333333333333333,0.57499999999999996,0.019164319982177325
0.033333333333333333,0.59999999999999998,0.01999733375993093
0.033333333333333333,0.625,0.020830319774729385
0.033333333333333333,0.65000000000000002,0.021663276871094761
0.033333333333333333,0.67500000000000004,0.022496203893709672
0.033333333333333333,0.69999999999999996,0.023329099687423704
0.033333333333333333,0.72499999999999998,0.024161963097259806
0.033333333333333333,0.75,0.024994792968420686
0.033333333333333333,0.77500000000000002,0.025827588146295207
0.033333333333333333,0.80000000000000004,0.026660347476464809
0.033333333333333333,0.82499999999999996,0.027493069804709856
0.033333333333333333,0.84999999999999998,0.028325753977016099
0.033333333333333333,0.875,0.029158398839581001
0.033333333333333333,0.90000000000000002,0.029991003238820143
0.033333333333333333,0.92500000000000004,0.030823566021373636
0.033333333333333333,0.94999999999999996,0.03165608603411247
0.033333333333333333,0.97499999999999998,0.032488562124144908
0.033333333333333333,1,0.033320993138822863
0.033333333333333333,1.0249999999999999,0.034153377925748268
0.033333333333333333,1.05,0.03498571533277945
0.033333333333333333,1.075,0.035818004208037477
0.033333333333333333,1.1000000000000001,0.036650243399912595
0.033333333333333333,1.125,0.037482431757070472
0.033333333333333333,1.1499999999999999,0.038314568128458674
0.033333333333333333,1.175,0.039146651363312947
0.033333333333333333,1.2,0.03997868031116357
0.033333333333333333,1.2250000000000001,0.040810653821841757
0.033333333333333333,1.25,0.041642570745485948
0.033333333333333333,1.2749999999999999,0.042474429932548179
0.033333333333333333,1.3,0.043306230233800404
0.033333333333333333,1.325,0.044137970500340816
0.033333333333333333,1.3500000000000001,0.044969649583600252
0.033333333333333333,1.375,0.045801266335348395
0.033333333333333333,1.3999999999999999,0.046632819607700195
0.033333333333333333,1.425,0.047464308253122173
0.033333333333333333,1.45,0.048295731124438683
0.033333333333333333,1.4750000000000001,0.049127087074838281
0.033333333333333333,1.5,0.049958374957879977
0.050000000000000003,0,0
0.050000000000000003,0.025000000000000001,0.0012499993489587403
0.050000000000000003,0.050000000000000003,0.0024999947916796881
0.050000000000000003,0.074999999999999997,0.0037499824219738762
0.050000000000000003,0.10000000000000001,0.0049999583337499969
0.050000000000000003,0.125,0.0062499186210632132
0.050000000000000003,0.14999999999999999,0.0074998593781639899
0.050000000000000003,0.17499999999999999,0.0087497766995469056
0.050000000000000003,0.20000000000000001,0.0099996666799994621
0.050000000000000003,0.22500000000000001,0.011249525414650869
0.050000000000000003,0.25,0.012499348999020865
0.050000000000000003,0.27500000000000002,0.013749133529068473
0.050000000000000003,0.29999999999999999,0.014998875101240778
0.050000000000000003,0.32500000000000001,0.016248569812521697
0.050000000000000003,0.34999999999999998,0.017498213760480687
0.050000000000000003,0.375,0.018747803043321517
0.050000000000000003,0.40000000000000002,0.019997333759930933
0.050000000000000003,0.42499999999999999,0.021246802009927384
0.050000000000000003,0.45000000000000001,0.022496203893709672
0.050000000000000003,0.47499999999999998,0.023745535512505619
0.050000000000000003,0.5,0.024994792968420686
0.050000000000000003,0.52500000000000002,0.026243972364486591
0.050000000000000003,0.55000000000000004,0.027493069804709863
0.050000000000000003,0.57499999999999996,0.02874208139412043
0.050000000000000003,0.59999999999999998,0.029991003238820143
0.050000000000000003,0.625,0.031239831446031256
0.050000000000000003,0.65000000000000002,0.032488562124144908
0.050000000000000003,0.67500000000000004,0.033737191382769573
0.050000000000000003,0.69999999999999996,0.034985715332779443
0.050000000000000003,0.72499999999999998,0.03623413008636283
0.050000000000000003,0.75,0.037482431757070479
0.050000000000000003,0.77500000000000002,0.038730616459863892
0.050000000000000003,0.80000000000000004,0.039978680311163577
0.050000000000000003,0.82499999999999996,0.041226619428897278
0.050000000000000003,0.84999999999999998,0.042474429932548186
0.050000000000000003,0.875,0.043722107943203026
0.050000000000000003,0.90000000000000002,0.044969649583600252
0.050000000000000003,0.92500000000000004,0.046217050978178006
0.050000000000000003,0.94999999999999996,0.047464308253122173
0.050000000000000003,0.97499999999999998,0.048711417536414413
0.050000000000000003,1,0.049958374957879977
0.050000000000000003,1.0249999999999999,0.051205176649235622
0.050000000000000003,1.05,0.052451818744137478
0.050000000000000003,1.075,0.053698297378228732
0.050000000000000003,1.1000000000000001,0.054944608689187428
0.050000000000000003,1.125,0.056190748816774064
0.050000000000000003,1.1499999999999999,0.057436713902879251
0.050000000000000003,1.175,0.05868250009157127
0.050000000000000003,1.2,0.059928103529143503
0.050000000000000003,1.2250000000000001,0.061173520364161946
0.050000000000000003,1.25,0.062418746747512514
0.050000000000000003,1.2749999999999999,0.063663778832448462
0.050000000000000003,1.3,0.064908612774637511
0.050000000000000003,1.325,0.066153244732209127
0.050000000000000003,1.3500000000000001,0.067397670865801632
0.050000000000000003,1.375,0.068641887338609209
0.050000000000000003,1.3999999999999999,0.069885890316428986
0.050000000000000003,1.425,0.071129675967707875
0.050000000000000003,1.45,0.072373240463589464
0.050000000000000003,1.4750000000000001,0.073616579977960811
0.050000000000000003,1.5,0.07485969068749912
0.066666666666666666,0,0
0.066666666666666666,0.025000000000000001,0.0016666651234585048
0.066666666666666666,0.050000000000000003,0.0033333209877091908
0.066666666666666666,0.074999999999999997,0.004999958333749996
0.066666666666666666,0.10000000000000001,0.0066665679029903665
0.066666666666666666,0.125,0.0083331404374569831
0.066666666666666666,0.14999999999999999,0.0099996666799994603
0.066666666666666666,0.17499999999999999,0.011666137374496011
0.066666666666666666,0.20000000000000001,0.013332543266059059
0.066666666666666666,0.22500000000000001,0.014998875101240778
0.066666666666666666,0.25,0.016665123628238611
0.066666666666666666,0.27500000000000002,0.018331279597100639
0.066666666666666666,0.29999999999999999,0.01999733375993093
0.066666666666666666,0.32500000000000001,0.021663276871094761
0.066666666666666666,0.34999999999999998,0.023329099687423704
0.066666666666666666,0.375,0.024994792968420686
0.066666666666666666,0.40000000000000002,0.026660347476464809
0.066666666666666666,0.42499999999999999,0.028325753977016099
0.066666666666666666,0.45000000000000001,0.029991003238820143
0.066666666666666666,0.47499999999999998,0.03165608603411247
0.066666666666666666,0.5,0.033320993138822863
0.066666666666666666,0.52500000000000002,0.03498571533277945
0.066666666666666666,0.55000000000000004,0.036650243399912595
0.066666666666666666,0.57499999999999996,0.038314568128458674
0.066666666666666666,0.59999999999999998,0.03997868031116357
0.066666666666666666,0.625,0.041642570745485948
0.066666666666666666,0.65000000000000002,0.043306230233800404
0.066666666666666666,0.67500000000000004,0.044969649583600252
0.066666666666666666,0.69999999999999996,0.046632819607700195
0.066666666666666666,0.72499999999999998,0.048295731124438683
0.066666666666666666,0.75,0.049958374957879977
0.066666666666666666,0.77500000000000002,0.051620741938015996
0.066666666666666666,0.80000000000000004,0.053282822900967933
0.066666666666666666,0.82499999999999996,0.054944608689187414
0.066666666666666666,0.84999999999999998,0.056606090151657594
0.066666666666666666,0.875,0.058267258144093712
0.066666666666666666,0.90000000000000002,0.059928103529143503
0.066666666666666666,0.92500000000000004,0.061588617176587195
0.066666666666666666,0.94999999999999996,0.063248789963537194
0.066666666666666666,0.97499999999999998,0.064908612774637511
0.066666666666666666,1,0.066568076502262569
0.066666666666666666,1.0249999999999999,0.06822717204671605
0.066666666666666666,1.05,0.069885890316429
0.066666666666666666,1.075,0.071544222228157719
0.066666666666666666,1.1000000000000001,0.073202158707181442
0.066666666666666666,1.125,0.074859690687499092
0.066666666666666666,1.1499999999999999,0.076516809112026268
0.066666666666666666,1.175,0.078173504932791349
0.066666666666666666,1.2,0.079829769111131363
0.066666666666666666,1.2250000000000001,0.081485592617887445
0.066666666666666666,1.25,0.083140966433599764
0.066666666666666666,1.2749999999999999,0.084795881548701962
0.066666666666666666,1.3,0.086450328963715434
0.066666666666666666,1.325,0.088104299689442556
0.066666666666666666,1.3500000000000001,0.089757784747160119
0.066666666666666666,1.375,0.091410775168811742
0.066666666666666666,1.3999999999999999,0.093063261997200122
0.066666666666666666,1.425,0.094715236286178547
0.066666666666666666,1.45,0.096366689100842007
0.066666666666666666,1.4750000000000001,0.098017611517717887
0.066666666666666666,1.5,0.099667994624955819
0.083333333333333329,0,0
0.083333333333333329,0.025000000000000001,0.002083330319256776
0.083333333333333329,0.050000000000000003,0.004166642554179794
0.083333333333333329,0.074999999999999997,0.0062499186210632123
0.083333333333333329,0.10000000000000001,0.0083331404374569831
0.083333333333333329,0.125,0.010416289922794622
0.083333333333333329,0.14999999999999999,0.012499348999020863
0.083333333333333329,0.17499999999999999,0.014582299591219098
0.083333333333333329,0.20000000000000001,0.016665123628238611
0.083333333333333329,0.22500000000000001,0.018747803043321513
0.083333333333333329,0.25,0.020830319774729385
0.083333333333333329,0.27500000000000002,0.022912655766369503
0.083333333333333329,0.29999999999999999,0.024994792968420682
0.083333333333333329,0.32500000000000001,0.027076713337958681
0.083333333333333329,0.34999999999999998,0.029158398839580997
0.083333333333333329,0.375,0.031239831446031256
0.083333333333333329,0.40000000000000002,0.033320993138822863
0.083333333333333329,0.42499999999999999,0.035401865908862094
0.083333333333333329,0.45000000000000001,0.037482431757070472
0.083333333333333329,0.47499999999999998,0.039562672695006386
0.083333333333333329,0.5,0.041642570745485948
0.083333333333333329,0.52500000000000002,0.043722107943203026
0.083333333333333329,0.55000000000000004,0.045801266335348395
0.083333333333333329,0.57499999999999996,0.04788002798222793
0.083333333333333329,0.59999999999999998,0.04995837495787997
0.083333333333333329,0.625,0.052036289350691448
0.083333333333333329,0.65000000000000002,0.054113753264013222
0.083333333333333329,0.67500000000000004,0.056190748816774064
0.083333333333333329,0.69999999999999996,0.058267258144093705
0.083333333333333329,0.72499999999999998,0.060343263397894628
0.083333333333333329,0.75,0.062418746747512514
0.083333333333333329,0.77500000000000002,0.064493690380305585
0.083333333333333329,0.80000000000000004,0.066568076502262569
0.083333333333333329,0.82499999999999996,0.068641887338609195
0.083333333333333329,0.84999999999999998,0.070715105134413495
0.083333333333333329,0.875,0.072787712155189407
0.083333333333333329,0.90000000000000002,0.074859690687499092
0.083333333333333329,0.92500000000000004,0.076931023039553598
0.083333333333333329,0.94999999999999996,0.079001691541811955
0.083333333333333329,0.97499999999999998,0.081071678547578713
0.083333333333333329,1,0.083140966433599764
0.083333333333333329,1.0249999999999999,0.085209537600656374
0.083333333333333329,1.05,0.087277374474157732
0.083333333333333329,1.075,0.089344459504731286
0.083333333333333329,1.1000000000000001,0.091410775168811742
0.083333333333333329,1.125,0.093476303969227736
0.083333333333333329,1.1499999999999999,0.095541028435786865
0.083333333333333329,1.175,0.097604931125858718
0.083333333333333329,1.2,0.099667994624955805
0.083333333333333329,1.2250000000000001,0.1017302015473126
0.083333333333333329,1.25,0.10379153453646234
0.083333333333333329,1.2749999999999999,0.10585197626581182
0.083333333333333329,1.3,0.10791150943921408
0.083333333333333329,1.325,0.10997011679153865
0.083333333333333329,1.3500000000000001,0.11202778108923989
0.083333333333333329,1.375,0.11408448513092277
0.083333333333333329,1.3999999999999999,0.11614021174790658
0.083333333333333329,1.425,0.11819494380478603
0.083333333333333329,1.45,0.12024866419999013
0.083333333333333329,1.4750000000000001,0.12230135586633872
0.083333333333333329,1.5,0.12435300177159619
0.10000000000000001,0,0
0.10000000000000001,0.025000000000000001,0.0024999947916796881
0.10000000000000001,0.050000000000000003,0.0049999583337499969
0.10000000000000001,0.074999999999999997,0.0074998593781639899
0.10000000000000001,0.10000000000000001,0.0099996666799994621
0.10000000000000001,0.125,0.012499348999020865
0.10000000000000001,0.14999999999999999,0.014998875101240778
0.10000000000000001,0.17499999999999999,0.017498213760480687
0.10000000000000001,0.20000000000000001,0.019997333759930933
0.10000000000000001,0.22500000000000001,0.022496203893709672
0.10000000000000001,0.25,0.024994792968420686
0.10000000000000001,0.27500000000000002,0.027493069804709863
0.10000000000000001,0.29999999999999999,0.029991003238820143
0.10000000000000001,0.32500000000000001,0.032488562124144908
0.10000000000000001,0.34999999999999998,0.034985715332779443
0.10000000000000001,0.375,0.037482431757070479
0.10000000000000001,0.40000000000000002,0.039978680311163577
0.10000000000000001,0.42499999999999999,0.042474429932548186
0.10000000000000001,0.45000000000000001,0.044969649583600252
0.10000000000000001,0.47499999999999998,0.047464308253122173
0.10000000000000001,0.5,0.049958374957879977
0.10000000000000001,0.52500000000000002,0.052451818744137478
0.10000000000000001,0.55000000000000004,0.054944608689187428
0.10000000000000001,0.57499999999999996,0.057436713902879251
0.10000000000000001,0.59999999999999998,0.059928103529143503
0.10000000000000001,0.625,0.062418746747512514
0.10000000000000001,0.65000000000000002,0.064908612774637511
0.10000000000000001,0.67500000000000004,0.067397670865801632
0.10000000000000001,0.69999999999999996,0.069885890316428986
0.10000000000000001,0.72499999999999998,0.072373240463589464
0.10000000000000001,0.75,0.07485969068749912
0.10000000000000001,0.77500000000000002,0.07734521041301598
0.10000000000000001,0.80000000000000004,0.079829769111131377
0.10000000000000001,0.82499999999999996,0.082313336300456133
0.10000000000000001,0.84999999999999998,0.08479588154870199
0.10000000000000001,0.875,0.087277374474157746
0.10000000000000001,0.90000000000000002,0.089757784747160119
0.10000000000000001,0.92500000000000004,0.092237082091559272
0.10000000000000001,0.94999999999999996,0.094715236286178547
0.10000000000000001,0.97499999999999998,0.097192217166268663
0.10000000000000001,1,0.099667994624955819
0.10000000000000001,1.0249999999999999,0.10214253861468392
0.10000000000000001,1.05,0.10461581914865055
0.10000000000000001,1.075,0.1070878063022366
0.10000000000000001,1.1000000000000001,0.10955847021442955
0.10000000000000001,1.125,0.11202778108923989
0.10000000000000001,1.1499999999999999,0.11449570919711115
0.10000000000000001,1.175,0.11696222487632275
0.10000000000000001,1.2,0.11942729853438588
0.10000000000000001,1.2250000000000001,0.12189090064943242
0.10000000000000001,1.25,0.12435300177159619
0.10000000000000001,1.2749999999999999,0.1268135725243873
0.10000000000000001,1.3,0.12927258360605834
0.10000000000000001,1.325,0.13173000579096333
0.10000000000000001,1.3500000000000001,0.13418580993090867
0.10000000000000001,1.375,0.13663996695649619
0.10000000000000001,1.3999999999999999,0.13909244787845801
0.10000000000000001,1.425,0.14154322378898346
0.10000000000000001,1.45,0.14399226586303726
0.10000000000000001,1.4750000000000001,0.14643954535966974
0.10000000000000001,1.5,0.14888503362331801
0.11666666666666667,0,0
0.11666666666666667,0.025000000000000001,0.0029166583960543776
0.11666666666666667,0.050000000000000003,0.0058332671691104458
0.11666666666666667,0.074999999999999997,0.0087497766995469056
0.11666666666666667,0.10000000000000001,0.011666137374496012
0.11666666666666667,0.125,0.014582299591219098
0.11666666666666667,0.14999999999999999,0.017498213760480687
0.11666666666666667,0.17499999999999999,0.020413830309920611
0.11666666666666667,0.20000000000000001,0.023329099687423707
0.11666666666666667,0.22500000000000001,0.026243972364486591
0.11666666666666667,0.25,0.029158398839581001
0.11666666666666667,0.27500000000000002,0.032072329641513291
0.11666666666666667,0.29999999999999999,0.034985715332779443
0.11666666666666667,0.32500000000000001,0.037898506512915382
0.11666666666666667,0.34999999999999998,0.040810653821841757
0.11666666666666667,0.375,0.043722107943203026
0.11666666666666667,0.40000000000000002,0.046632819607700202
0.11666666666666667,0.42499999999999999,0.049542739596416779
0.11666666666666667,0.45000000000000001,0.052451818744137478
0.11666666666666667,0.47499999999999998,0.055360007942659176
0.11666666666666667,0.5,0.058267258144093712
0.11666666666666667,0.52500000000000002,0.061173520364161946
0.11666666666666667,0.55000000000000004,0.064078745685478694
0.11666666666666667,0.57499999999999996,0.066982885260828115
0.11666666666666667,0.59999999999999998,0.069885890316428986
0.11666666666666667,0.625,0.072787712155189421
0.11666666666666667,0.65000000000000002,0.075688302159950607
0.11666666666666667,0.67500000000000004,0.078587611796719137
0.11666666666666667,0.69999999999999996,0.081485592617887445
0.11666666666666667,0.72499999999999998,0.084382196265441828
0.11666666666666667,0.75,0.087277374474157732
0.11666666666666667,0.77500000000000002,0.090171079074781779
0.11666666666666667,0.80000000000000004,0.093063261997200136
0.11666666666666667,0.82499999999999996,0.09595387527359274
0.11666666666666667,0.84999999999999998,0.098842871041573035
0.11666666666666667,0.875,0.1017302015473126
0.11666666666666667,0.90000000000000002,0.10461581914865055
0.11666666666666667,0.92500000000000004,0.10749967631818691
0.11666666666666667,0.94999999999999996,0.11038172564635992
0.11666666666666667,0.97499999999999998,0.11326191984450673
0.11666666666666667,1,0.11614021174790659
0.11666666666666667,1.0249999999999999,0.11901655431880713
0.11666666666666667,1.05,0.12189090064943242
0.11666666666666667,1.075,0.12476320396497279
0.11666666666666667,1.1000000000000001,0.12763341762655611
0.11666666666666667,1.125,0.13050149513419976
0.11666666666666667,1.1499999999999999,0.13336739012974347
0.11666666666666667,1.175,0.13623105639976205
0.11666666666666667,1.2,0.13909244787845801
0.11666666666666667,1.2250000000000001,0.14195151865053385
0.11666666666666667,1.25,0.14480822295404272
0.11666666666666667,1.2749999999999999,0.14766251518321868
0.11666666666666667,1.3,0.15051434989128482
0.11666666666666667,1.325,0.15336368179323903
0.11666666666666667,1.3500000000000001,0.15621046576861825
0.11666666666666667,1.375,0.15905465686423928
0.11666666666666667,1.3999999999999999,0.16189621029691698
0.11666666666666667,1.425,0.16473508145615889
0.11666666666666667,1.45,0.16757122590683637
0.11666666666666667,1.4750000000000001,0.17040459939183164
0.11666666666666667,1.5,0.17323515783466012
0.13333333333333333,0,0
0.13333333333333333,0.025000000000000001,0.0033333209877091908
0.13333333333333333,0.050000000000000003,0.0066665679029903665
0.13333333333333333,0.074999999999999997,0.0099996666799994603
0.13333333333333333,0.10000000000000001,0.013332543266059059
0.13333333333333333,0.125,0.016665123628238611
0.13333333333333333,0.14999999999999999,0.01999733375993093
0.13333333333333333,0.17499999999999999,0.023329099687423704
0.13333333333333333,0.20000000000000001,0.026660347476464809
0.13333333333333333,0.22500000000000001,0.029991003238820143
0.13333333333333333,0.25,0.033320993138822863
0.13333333333333333,0.27500000000000002,0.036650243399912595
0.13333333333333333,0.29999999999999999,0.03997868031116357
0.13333333333333333,0.32500000000000001,0.043306230233800404
0.13333333333333333,0.34999999999999998,0.046632819607700195
0.13333333333333333,0.375,0.049958374957879977
0.13333333333333333,0.40000000000000002,0.053282822900967933
0.13333333333333333,0.42499999999999999,0.056606090151657594
0.13333333333333333,0.45000000000000001,0.059928103529143503
0.13333333333333333,0.47499999999999998,0.063248789963537194
0.13333333333333333,0.5,0.066568076502262569
0.13333333333333333,0.52500000000000002,0.069885890316429
0.13333333333333333,0.55000000000000004,0.073202158707181442
0.13333333333333333,0.57499999999999996,0.076516809112026268
0.13333333333333333,0.59999999999999998,0.079829769111131363
0.13333333333333333,0.625,0.083140966433599764
0.13333333333333333,0.65000000000000002,0.086450328963715434
0.13333333333333333,0.67500000000000004,0.089757784747160119
0.13333333333333333,0.69999999999999996,0.093063261997200122
0.13333333333333333,0.72499999999999998,0.096366689100842007
0.13333333333333333,0.75,0.099667994624955819
0.13333333333333333,0.77500000000000002,0.10296710732236511
0.13333333333333333,0.80000000000000004,0.10626395613790249
0.13333333333333333,0.82499999999999996,0.10955847021442953
0.13333333333333333,0.84999999999999998,0.11285057889882021
0.13333333333333333,0.875,0.11614021174790659
0.13333333333333333,0.90000000000000002,0.11942729853438588
0.13333333333333333,0.92500000000000004,0.12271176925268779
0.13333333333333333,0.94999999999999996,0.12599355412480104
0.13333333333333333,0.97499999999999998,0.12927258360605834
0.13333333333333333,1,0.13254878839087839
0.13333333333333333,1.0249999999999999,0.13582209941846446
0.13333333333333333,1.05,0.13909244787845804
0.13333333333333333,1.075,0.14235976521654709
0.13333333333333333,1.1000000000000001,0.14562398314002767
0.13333333333333333,1.125,0.14888503362331798
0.13333333333333333,1.1499999999999999,0.15214284891342428
0.13333333333333333,1.175,0.15539736153535735
0.13333333333333333,1.2,0.15864850429749891
0.13333333333333333,1.2250000000000001,0.16189621029691698
0.13333333333333333,1.25,0.16514041292462936
0.13333333333333333,1.2749999999999999,0.16838104587081468
0.13333333333333333,1.3,0.17161804312996978
0.13333333333333333,1.325,0.17485133900601252
0.13333333333333333,1.3500000000000001,0.17808086811733023
0.13333333333333333,1.375,0.18130656540177167
0.13333333333333333,1.3999999999999999,0.18452836612158288
0.13333333333333333,1.425,0.18774620586828542
0.13333333333333333,1.45,0.19096002056749656
0.13333333333333333,1.4750000000000001,0.1941697464836912
0.13333333333333333,1.5,0.19737532022490401
0.14999999999999999,0,0
0.14999999999999999,0.025000000000000001,0.0037499824219738762
0.14999999999999999,0.050000000000000003,0.0074998593781639899
0.14999999999999999,0.074999999999999997,0.011249525414650869
0.14999999999999999,0.10000000000000001,0.014998875101240778
0.14999999999999999,0.125,0.018747803043321513
0.14999999999999999,0.14999999999999999,0.022496203893709668
0.14999999999999999,0.17499999999999999,0.026243972364486584
0.14999999999999999,0.20000000000000001,0.029991003238820143
0.14999999999999999,0.22500000000000001,0.033737191382769573
0.14999999999999999,0.25,0.037482431757070472
0.14999999999999999,0.27500000000000002,0.041226619428897278
0.14999999999999999,0.29999999999999999,0.044969649583600245
0.14999999999999999,0.32500000000000001,0.048711417536414413
0.14999999999999999,0.34999999999999998,0.052451818744137471
0.14999999999999999,0.375,0.056190748816774057
0.14999999999999999,0.40000000000000002,0.059928103529143503
0.14999999999999999,0.42499999999999999,0.063663778832448462
0.14999999999999999,0.45000000000000001,0.067397670865801632
0.14999999999999999,0.47499999999999998,0.071129675967707862
0.14999999999999999,0.5,0.074859690687499092
0.14999999999999999,0.52500000000000002,0.078587611796719137
0.14999999999999999,0.55000000000000004,0.082313336300456133
0.14999999999999999,0.57499999999999996,0.086036761448619645
0.14999999999999999,0.59999999999999998,0.089757784747160105
0.14999999999999999,0.625,0.093476303969227736
0.14999999999999999,0.65000000000000002,0.097192217166268663
0.14999999999999999,0.67500000000000004,0.10090542267905561
0.14999999999999999,0.69999999999999996,0.10461581914865054
0.14999999999999999,0.72499999999999998,0.10832330552729708
0.14999999999999999,0.75,0.11202778108923987
0.14999999999999999,0.77500000000000002,0.11572914544146888
0.14999999999999999,0.80000000000000004,0.11942729853438588
0.14999999999999999,0.82499999999999996,0.12312214067239105
0.14999999999999999,0.84999999999999998,0.1268135725243873
0.14999999999999999,0.875,0.13050149513419976
0.14999999999999999,0.90000000000000002,0.13418580993090867
0.14999999999999999,0.92500000000000004,0.13786641873909314
0.14999999999999999,0.94999999999999996,0.14154322378898346
0.14999999999999999,0.97499999999999998,0.14521612772652026
0.14999999999999999,1,0.14888503362331798
0.14999999999999999,1.0249999999999999,0.1525498449865306
0.14999999999999999,1.05,0.15621046576861825
0.14999999999999999,1.075,0.15986680037701145
0.14999999999999999,1.1000000000000001,0.1635187536836725
0.14999999999999999,1.125,0.16716623103455056
0.14999999999999999,1.1499999999999999,0.17080913825893015
0.14999999999999999,1.175,0.17444738167866991
0.14999999999999999,1.2,0.17808086811733018
0.14999999999999999,1.2250000000000001,0.18170950490918844
0.14999999999999999,1.25,0.18533319990813948
0.14999999999999999,1.2749999999999999,0.18895186149648019
0.14999999999999999,1.3,0.19256539859357569
0.14999999999999999,1.325,0.19617372066440683
0.14999999999999999,1.3500000000000001,0.19977673772799659
0.14999999999999999,1.375,0.20337436036571357
0.14999999999999999,1.3999999999999999,0.20696649972945258
0.14999999999999999,1.425,0.21055306754968897
0.14999999999999999,1.45,0.21413397614340712
0.14999999999999999,1.4750000000000001,0.21770913842190082
0.14999999999999999,1.5,0.22127846789844396
0.16666666666666666,0,0
0.16666666666666666,0.025000000000000001,0.004166642554179794
0.16666666666666666,0.050000000000000003,0.0083331404374569831
0.16666666666666666,0.074999999999999997,0.012499348999020863
0.16666666666666666,0.10000000000000001,0.016665123628238611
0.16666666666666666,0.125,0.020830319774729385
0.16666666666666666,0.14999999999999999,0.024994792968420682
0.16666666666666666,0.17499999999999999,0.029158398839580997
0.16666666666666666,0.20000000000000001,0.033320993138822863
0.16666666666666666,0.22500000000000001,0.037482431757070472
0.16666666666666666,0.25,0.041642570745485948
0.16666666666666666,0.27500000000000002,0.045801266335348395
0.16666666666666666,0.29999999999999999,0.04995837495787997
0.16666666666666666,0.32500000000000001,0.054113753264013222
0.16666666666666666,0.34999999999999998,0.058267258144093705
0.16666666666666666,0.375,0.062418746747512514
0.16666666666666666,0.40000000000000002,0.066568076502262569
0.16666666666666666,0.42499999999999999,0.070715105134413495
0.16666666666666666,0.45000000000000001,0.074859690687499092
0.16666666666666666,0.47499999999999998,0.079001691541811955
0.16666666666666666,0.5,0.083140966433599764
0.16666666666666666,0.52500000000000002,0.087277374474157732
0.16666666666666666,0.55000000000000004,0.091410775168811742
0.16666666666666666,0.57499999999999996,0.095541028435786865
0.16666666666666666,0.59999999999999998,0.099667994624955805
0.16666666666666666,0.625,0.10379153453646234
0.16666666666666666,0.65000000000000002,0.10791150943921408
0.16666666666666666,0.67500000000000004,0.11202778108923989
0.16666666666666666,0.69999999999999996,0.11614021174790658
0.16666666666666666,0.72499999999999998,0.12024866419999013
0.16666666666666666,0.75,0.12435300177159619
0.16666666666666666,0.77500000000000002,0.12845308834792538
0.16666666666666666,0.80000000000000004,0.13254878839087839
0.16666666666666666,0.82499999999999996,0.13663996695649616
0.16666666666666666,0.84999999999999998,0.1407264897122309
0.16666666666666666,0.875,0.14480822295404266
0.16666666666666666,0.90000000000000002,0.14888503362331798
0.16666666666666666,0.92500000000000004,0.15295678932360524
0.16666666666666666,0.94999999999999996,0.15702335833716335
0.16666666666666666,0.97499999999999998,0.16108460964131921
0.16666666666666666,1,0.16514041292462936
0.16666666666666666,1.0249999999999999,0.16919063860284272
0.16666666666666666,1.05,0.17323515783466012
0.16666666666666666,1.075,0.17727384253728626
0.16666666666666666,1.1000000000000001,0.18130656540177167
0.16666666666666666,1.125,0.18533319990813948
0.16666666666666666,1.1499999999999999,0.18935362034029507
0.16666666666666666,1.175,0.19336770180071369
0.16666666666666666,1.2,0.19737532022490398
0.16666666666666666,1.2250000000000001,0.20137635239564355
0.16666666666666666,1.25,0.20537067595698336
0.16666666666666666,1.2749999999999999,0.20935816942801871
0.16666666666666666,1.3,0.21333871221642287
0.16666666666666666,1.325,0.21731218463174129
0.16666666666666666,1.3500000000000001,0.22127846789844399
0.16666666666666666,1.375,0.22523744416873226
0.16666666666666666,1.3999999999999999,0.22918899653509897
0.16666666666666666,1.425,0.23313300904263859
0.16666666666666666,1.45,0.23706936670110546
0.16666666666666666,1.4750000000000001,0.24099795549671849
0.16666666666666666,1.5,0.24491866240370913
0.18333333333333332,0,0
0.18333333333333332,0.025000000000000001,0.0045833012396601083
0.18333333333333332,0.050000000000000003,0.009166409923752868
0.18333333333333332,0.074999999999999997,0.01374913352906847
0.18333333333333332,0.10000000000000001,0.018331279597100639
0.18333333333333332,0.125,0.0229126557663695
0.18333333333333332,0.14999999999999999,0.027493069804709856
0.18333333333333332,0.17499999999999999,0.032072329641513277
0.18333333333333332,0.20000000000000001,0.036650243399912595
0.18333333333333332,0.22500000000000001,0.041226619428897271
0.18333333333333332,0.25,0.045801266335348395
0.18333333333333332,0.27500000000000002,0.050373993015981659
0.18333333333333332,0.29999999999999999,0.054944608689187414
0.18333333333333332,0.32500000000000001,0.059512922926756182
0.18333333333333332,0.34999999999999998,0.064078745685478666
0.18333333333333332,0.375,0.068641887338609195
0.18333333333333332,0.40000000000000002,0.073202158707181442
0.18333333333333332,0.42499999999999999,0.077759371091165569
0.18333333333333332,0.45000000000000001,0.082313336300456119
0.18333333333333332,0.47499999999999998,0.086863866685679636
0.18333333333333332,0.5,0.091410775168811742
0.18333333333333332,0.52500000000000002,0.09595387527359274
0.18333333333333332,0.55000000000000004,0.10049298115573199
0.18333333333333332,0.57499999999999996,0.10502790763289011
0.18333333333333332,0.59999999999999998,0.10955847021442953
0.18333333333333332,0.625,0.11408448513092277
0.18333333333333332,0.65000000000000002,0.11860576936340937
0.18333333333333332,0.67500000000000004,0.12312214067239106
0.18333333333333332,0.69999999999999996,0.12763341762655608
0.18333333333333332,0.72499999999999998,0.13213941963122319
0.18333333333333332,0.75,0.13663996695649616
0.18333333333333332,0.77500000000000002,0.14113488076511965
0.18333333333333332,0.80000000000000004,0.14562398314002767
0.18333333333333332,0.82499999999999996,0.15010709711157591
0.18333333333333332,0.84999999999999998,0.15458404668444986
0.18333333333333332,0.875,0.15905465686423928
0.18333333333333332,0.90000000000000002,0.1635187536836725
0.18333333333333332,0.92500000000000004,0.16797616422850126
0.18333333333333332,0.94999999999999996,0.17242671666302925
0.18333333333333332,0.97499999999999998,0.17687024025527645
0.18333333333333332,1,0.18130656540177167
0.18333333333333332,1.0249999999999999,0.18573552365196724
0.18333333333333332,1.05,0.19015694773226804
0.18333333333333332,1.075,0.19457067156966792
0.18333333333333332,1.1000000000000001,0.19897653031498874
0.18333333333333332,1.125,0.20337436036571357
0.18333333333333332,1.1499999999999999,0.20776399938841011
0.18333333333333332,1.175,0.21214528634073718
0.18333333333333332,1.2,0.21651806149302877
0.18333333333333332,1.2250000000000001,0.2208821664494523
0.18333333333333332,1.25,0.22523744416873226
0.18333333333333332,1.2749999999999999,0.22958373898443896
0.18333333333333332,1.3,0.23392089662483379
0.18333333333333332,1.325,0.23824876423226865
0.18333333333333332,1.3500000000000001,0.24256719038213564
0.18333333333333332,1.375,0.24687602510136197
0.18333333333333332,1.3999999999999999,0.25117511988644686
0.18333333333333332,1.425,0.25546432772103767
0.18333333333333332,1.45,0.25974350309304101
0.18333333333333332,1.4750000000000001,0.26401250201126664
0.18333333333333332,1.5,0.26827118202160133
0.20000000000000001,0,0
0.20000000000000001,0.025000000000000001,0.0049999583337499969
0.20000000000000001,0.050000000000000003,0.0099996666799994621
0.20000000000000001,0.074999999999999997,0.014998875101240778
0.20000000000000001,0.10000000000000001,0.019997333759930933
0.20000000000000001,0.125,0.024994792968420686
0.20000000000000001,0.14999999999999999,0.029991003238820143
0.20000000000000001,0.17499999999999999,0.034985715332779443
0.20000000000000001,0.20000000000000001,0.039978680311163577
0.20000000000000001,0.22500000000000001,0.044969649583600252
0.20000000000000001,0.25,0.049958374957879977
0.20000000000000001,0.27500000000000002,0.054944608689187428
0.20000000000000001,0.29999999999999999,0.059928103529143503
0.20000000000000001,0.32500000000000001,0.064908612774637511
0.20000000000000001,0.34999999999999998,0.069885890316428986
0.20000000000000001,0.375,0.07485969068749912
0.20000000000000001,0.40000000000000002,0.079829769111131377
0.20000000000000001,0.42499999999999999,0.08479588154870199
0.20000000000000001,0.45000000000000001,0.089757784747160119
0.20000000000000001,0.47499999999999998,0.094715236286178547
0.20000000000000001,0.5,0.099667994624955819
0.20000000000000001,0.52500000000000002,0.10461581914865055
0.20000000000000001,0.55000000000000004,0.10955847021442955
0.20000000000000001,0.57499999999999996,0.11449570919711115
0.20000000000000001,0.59999999999999998,0.11942729853438588
0.20000000000000001,0.625,0.12435300177159619
0.20000000000000001,0.65000000000000002,0.12927258360605834
0.20000000000000001,0.67500000000000004,0.13418580993090867
0.20000000000000001,0.69999999999999996,0.13909244787845801
0.20000000000000001,0.72499999999999998,0.14399226586303726
0.20000000000000001,0.75,0.14888503362331801
0.20000000000000001,0.77500000000000002,0.15377052226409268
0.20000000000000001,0.80000000000000004,0.15864850429749894
0.20000000000000001,0.82499999999999996,0.1635187536836725
0.20000000000000001,0.84999999999999998,0.16838104587081471
0.20000000000000001,0.875,0.17323515783466012
0.20000000000000001,0.90000000000000002,0.17808086811733023
0.20000000000000001,0.92500000000000004,0.18291795686556017
0.20000000000000001,0.94999999999999996,0.18774620586828542
0.20000000000000001,0.97499999999999998,0.19256539859357569
0.20000000000000001,1,0.19737532022490401
0.20000000000000001,1.0249999999999999,0.20217575769673954
0.20000000000000001,1.05,0.20696649972945261
0.20000000000000001,1.075,0.21174733686352118
0.20000000000000001,1.1000000000000001,0.21651806149302888
0.20000000000000001,1.125,0.22127846789844399
0.20000000000000001,1.1499999999999999,0.22602835227867094
0.20000000000000001,1.175,0.23076751278236435
0.20000000000000001,1.2,0.23549574953849794
0.20000000000000001,1.2250000000000001,0.24021286468618028
0.20000000000000001,1.25,0.24491866240370913
0.20000000000000001,1.2749999999999999,0.24961294893685859
0.20000000000000001,1.3,0.25429553262639115
0.20000000000000001,1.325,0.2589662239347898
0.20000000000000001,1.3500000000000001,0.26362483547220328
0.20000000000000001,1.375,0.26827118202160138
0.20000000000000001,1.3999999999999999,0.27290508056313262
0.20000000000000001,1.425,0.27752635029768385
0.20000000000000001,1.45,0.28213481266963414
0.20000000000000001,1.4750000000000001,0.28673029138880357
0.20000000000000001,1.5,0.2913126124515909
0.21666666666666667,0,0
0.21666666666666667,0.025000000000000001,0.0054166136917868429
0.21666666666666667,0.050000000000000003,0.010832909549215286
0.21666666666666667,0.074999999999999997,0.016248569812521697
0.21666666666666667,0.10000000000000001,0.021663276871094761
0.21666666666666667,0.125,0.027076713337958681
0.21666666666666667,0.14999999999999999,0.032488562124144908
0.21666666666666667,0.17499999999999999,0.037898506512915382
0.21666666666666667,0.20000000000000001,0.043306230233800404
0.21666666666666667,0.22500000000000001,0.048711417536414413
0.21666666666666667,0.25,0.054113753264013222
0.21666666666666667,0.27500000000000002,0.059512922926756202
0.21666666666666667,0.29999999999999999,0.064908612774637511
0.21666666666666667,0.32500000000000001,0.070300509870050654
0.21666666666666667,0.34999999999999998,0.075688302159950607
0.21666666666666667,0.375,0.081071678547578713
0.21666666666666667,0.40000000000000002,0.086450328963715434
0.21666666666666667,0.42499999999999999,0.091823944437426461
0.21666666666666667,0.45000000000000001,0.097192217166268663
0.21666666666666667,0.47499999999999998,0.1025548405859219
0.21666666666666667,0.5,0.10791150943921408
0.21666666666666667,0.52500000000000002,0.11326191984450673
0.21666666666666667,0.55000000000000004,0.1186057693634094
0.21666666666666667,0.57499999999999996,0.12394275706779105
0.21666666666666667,0.59999999999999998,0.12927258360605834
0.21666666666666667,0.625,0.1345949512686696
0.21666666666666667,0.65000000000000002,0.13990956405285601
0.21666666666666667,0.67500000000000004,0.14521612772652032
0.21666666666666667,0.69999999999999996,0.15051434989128482
0.21666666666666667,0.72499999999999998,0.15580394004466194
0.21666666666666667,0.75,0.16108460964131921
0.21666666666666667,0.77500000000000002,0.16635607215341369
0.21666666666666667,0.80000000000000004,0.17161804312996978
0.21666666666666667,0.82499999999999996,0.17687024025527645
0.21666666666666667,0.84999999999999998,0.18211238340627933
0.21666666666666667,0.875,0.18734419470894495
0.21666666666666667,0.90000000000000002,0.19256539859357569
0.21666666666666667,0.92500000000000004,0.19777572184905234
0.21666666666666667,0.94999999999999996,0.20297489367598573
0.21666666666666667,0.97499999999999998,0.2081626457387562
0.21666666666666667,1,0.21333871221642287
0.21666666666666667,1.0249999999999999,0.21850282985248434
0.21666666666666667,1.05,0.22365473800347424
0.21666666666666667,1.075,0.22879417868637486
0.21666666666666667,1.1000000000000001,0.23392089662483381
0.21666666666666667,1.125,0.2390346392941694
0.21666666666666667,1.1499999999999999,0.24413515696515078
0.21666666666666667,1.175,0.24922220274654128
0.21666666666666667,1.2,0.25429553262639115
0.21666666666666667,1.2250000000000001,0.25935490551207185
0.21666666666666667,1.25,0.26440008326903897
0.21666666666666667,1.2749999999999999,0.26943083075831692
0.21666666666666667,1.3,0.27444691587269676
0.21666666666666667,1.325,0.27944810957163874
0.21666666666666667,1.3500000000000001,0.2844341859148754
0.21666666666666667,1.375,0.28940492209470831
0.21666666666666667,1.3999999999999999,0.29436009846699424
0.21666666666666667,1.425,0.29929949858081756
0.21666666666666667,1.45,0.30422290920684525
0.21666666666666667,1.4750000000000001,0.30913012036436416
0.21666666666666667,1.5,0.31402092534699755
0.23333333333333334,0,0
0.23333333333333334,0.025000000000000001,0.0058332671691104458
0.23333333333333334,0.050000000000000003,0.011666137374496012
0.23333333333333334,0.074999999999999997,0.017498213760480687
0.23333333333333334,0.10000000000000001,0.023329099687423707
0.23333333333333334,0.125,0.029158398839581001
0.23333333333333334,0.14999999999999999,0.034985715332779443
0.23333333333333334,0.17499999999999999,0.040810653821841757
0.23333333333333334,0.20000000000000001,0.046632819607700202
0.23333333333333334,0.22500000000000001,0.052451818744137478
0.23333333333333334,0.25,0.058267258144093712
0.23333333333333334,0.27500000000000002,0.064078745685478694
0.23333333333333334,0.29999999999999999,0.069885890316428986
0.23333333333333334,0.32500000000000001,0.075688302159950607
0.23333333333333334,0.34999999999999998,0.081485592617887445
0.23333333333333334,0.375,0.087277374474157732
0.23333333333333334,0.40000000000000002,0.093063261997200136
0.23333333333333334,0.42499999999999999,0.098842871041573035
0.23333333333333334,0.45000000000000001,0.10461581914865055
0.23333333333333334,0.47499999999999998,0.11038172564635992
0.23333333333333334,0.5,0.11614021174790659
0.23333333333333334,0.52500000000000002,0.12189090064943242
0.23333333333333334,0.55000000000000004,0.12763341762655611
0.23333333333333334,0.57499999999999996,0.13336739012974347
0.23333333333333334,0.59999999999999998,0.13909244787845801
0.23333333333333334,0.625,0.14480822295404272
0.23333333333333334,0.65000000000000002,0.15051434989128482
0.23333333333333334,0.67500000000000004,0.15621046576861825
0.23333333333333334,0.69999999999999996,0.16189621029691698
0.23333333333333334,0.72499999999999998,0.16757122590683637
0.23333333333333334,0.75,0.17323515783466012
0.23333333333333334,0.77500000000000002,0.17888765420661035
0.23333333333333334,0.80000000000000004,0.18452836612158294
0.23333333333333334,0.82499999999999996,0.19015694773226804
0.23333333333333334,0.84999999999999998,0.19577305632462055
0.23333333333333334,0.875,0.20137635239564355
0.23333333333333334,0.90000000000000002,0.20696649972945261
0.23333333333333334,0.92500000000000004,0.21254316547158728
0.23333333333333334,0.94999999999999996,0.2181060202015403
0.23333333333333334,0.97499999999999998,0.22365473800347424
0.23333333333333334,1,0.229188996535099
0.23333333333333334,1.0249999999999999,0.23470847709468395
0.23333333333333334,1.05,0.24021286468618028
0.23333333333333334,1.075,0.24570184808243076
0.23333333333333334,1.1000000000000001,0.25117511988644692
0.23333333333333334,1.125,0.25663237659073251
0.23333333333333334,1.1499999999999999,0.26207331863463718
0.23333333333333334,1.175,0.26749765045972362
0.23333333333333334,1.2,0.27290508056313262
0.23333333333333334,1.2250000000000001,0.27829532154893594
0.23333333333333334,1.25,0.28366809017746208
0.23333333333333334,1.2749999999999999,0.28902310741258919
0.23333333333333334,1.3,0.29436009846699424
0.23333333333333334,1.325,0.29967879284535348
0.23333333333333334,1.3500000000000001,0.3049789243854889
0.23333333333333334,1.375,0.31026023129745817
0.23333333333333334,1.3999999999999999,0.31552245620058506
0.23333333333333334,1.425,0.32076534615843222
0.23333333333333334,1.45,0.32598865271171534
0.23333333333333334,1.4750000000000001,0.33119213190916424
0.23333333333333334,1.5,0.33637554433633221
0.25,0,0
0.25,0.025000000000000001,0.0062499186210632132
0.25,0.050000000000000003,0.012499348999020865
0.25,0.074999999999999997,0.018747803043321513
0.25,0.10000000000000001,0.024994792968420686
0.25,0.125,0.031239831446031256
0.25,0.14999999999999999,0.037482431757070472
0.25,0.17499999999999999,0.043722107943203026
0.25,0.20000000000000001,0.049958374957879977
0.25,0.22500000000000001,0.056190748816774064
0.25,0.25,0.062418746747512514
0.25,0.27500000000000002,0.068641887338609209
0.25,0.29999999999999999,0.074859690687499092
0.25,0.32500000000000001,0.081071678547578713
0.25,0.34999999999999998,0.087277374474157732
0.25,0.375,0.093476303969227736
0.25,0.40000000000000002,0.099667994624955819
0.25,0.42499999999999999,0.10585197626581183
0.25,0.45000000000000001,0.11202778108923989
0.25,0.47499999999999998,0.11819494380478603
0.25,0.5,0.12435300177159619
0.25,0.52500000000000002,0.13050149513419976
0.25,0.55000000000000004,0.13663996695649619
0.25,0.57499999999999996,0.14276796335386471
0.25,0.59999999999999998,0.14888503362331798
0.25,0.625,0.1549907303716235
0.25,0.65000000000000002,0.16108460964131921
0.25,0.67500000000000004,0.16716623103455058
0.25,0.69999999999999996,0.17323515783466012
0.25,0.72499999999999998,0.17929095712546245
0.25,0.75,0.18533319990813948
0.25,0.77500000000000002,0.19136146121569439
0.25,0.80000000000000004,0.19737532022490401
0.25,0.82499999999999996,0.20337436036571357
0.25,0.84999999999999998,0.20935816942801871
0.25,0.875,0.21532633966578324
0.25,0.90000000000000002,0.22127846789844399
0.25,0.92500000000000004,0.22721415560955657
0.25,0.94999999999999996,0.23313300904263859
0.25,0.97499999999999998,0.23903463929416932
0.25,1,0.24491866240370913
0.25,1.0249999999999999,0.25078469944110221
0.25,1.05,0.25663237659073251
0.25,1.075,0.26246132523280102
0.25,1.1000000000000001,0.26827118202160138
0.25,1.125,0.27406158896076638
0.25,1.1499999999999999,0.27983219347546828
0.25,1.175,0.28558264848155251
0.25,1.2,0.2913126124515909
0.25,1.2250000000000001,0.29702174947784199
0.25,1.25,0.30270972933210849
0.25,1.2749999999999999,0.30837622752248589
0.25,1.3,0.31402092534699755
0.25,1.325,0.31964350994411495
0.25,1.3500000000000001,0.32524367434016505
0.25,1.375,0.33082111749362803
0.25,1.3999999999999999,0.33637554433633221
0.25,1.425,0.34190666581155527
0.25,1.45,0.34741419890904285
0.25,1.4750000000000001,0.35289786669695922
0.25,1.5,0.35835739835078595
0.26666666666666666,0,0
0.26666666666666666,0.025000000000000001,0.0066665679029903665
0.26666666666666666,0.050000000000000003,0.013332543266059059
0.26666666666666666,0.074999999999999997,0.01999733375993093
0.26666666666666666,0.10000000000000001,0.026660347476464809
0.26666666666666666,0.125,0.033320993138822863
0.26666666666666666,0.14999999999999999,0.03997868031116357
0.26666666666666666,0.17499999999999999,0.046632819607700195
0.26666666666666666,0.20000000000000001,0.053282822900967933
0.26666666666666666,0.22500000000000001,0.059928103529143503
0.26666666666666666,0.25,0.066568076502262569
0.26666666666666666,0.27500000000000002,0.073202158707181442
0.26666666666666666,0.29999999999999999,0.079829769111131363
0.26666666666666666,0.32500000000000001,0.086450328963715434
0.26666666666666666,0.34999999999999998,0.093063261997200122
0.26666666666666666,0.375,0.099667994624955819
0.26666666666666666,0.40000000000000002,0.10626395613790249
0.26666666666666666,0.42499999999999999,0.11285057889882021
0.26666666666666666,0.45000000000000001,0.11942729853438588
0.26666666666666666,0.47499999999999998,0.12599355412480104
0.26666666666666666,0.5,0.13254878839087839
0.26666666666666666,0.52500000000000002,0.13909244787845804
0.26666666666666666,0.55000000000000004,0.14562398314002767
0.26666666666666666,0.57499999999999996,0.15214284891342428
0.26666666666666666,0.59999999999999998,0.15864850429749891
0.26666666666666666,0.625,0.16514041292462936
0.26666666666666666,0.65000000000000002,0.17161804312996978
0.26666666666666666,0.67500000000000004,0.17808086811733023
0.26666666666666666,0.69999999999999996,0.18452836612158288
0.26666666666666666,0.72499999999999998,0.19096002056749656
0.26666666666666666,0.75,0.19737532022490401
0.26666666666666666,0.77500000000000002,0.20377375936011308
0.26666666666666666,0.80000000000000004,0.210154837883475
0.26666666666666666,0.82499999999999996,0.21651806149302877
0.26666666666666666,0.84999999999999998,0.22286294181414545
0.26666666666666666,0.875,0.229188996535099
0.26666666666666666,0.90000000000000002,0.23549574953849794
0.26666666666666666,0.92500000000000004,0.24178273102851389
0.26666666666666666,0.94999999999999996,0.24804947765384924
0.26666666666666666,0.97499999999999998,0.25429553262639115
0.26666666666666666,1,0.26052044583550266
0.26666666666666666,1.0249999999999999,0.26672377395790786
0.26666666666666666,1.05,0.27290508056313273
0.26666666666666666,1.075,0.27906393621446457
0.26666666666666666,1.1000000000000001,0.28519991856540566
0.26666666666666666,1.125,0.2913126124515909
0.26666666666666666,1.1499999999999999,0.29740160997815379
0.26666666666666666,1.175,0.30346651060252278
0.26666666666666666,1.2,0.30950692121263845
0.26666666666666666,1.2250000000000001,0.31552245620058506
0.26666666666666666,1.25,0.32151273753163434
0.26666666666666666,1.2749999999999999,0.3274773948087053
0.26666666666666666,1.3,0.33341606533224621
0.26666666666666666,1.325,0.33932839415555005
0.26666666666666666,1.3500000000000001,0.34521403413552093
0.26666666666666666,1.375,0.35107264597890847
0.26666666666666666,1.3999999999999999,0.35690389828403624
0.26666666666666666,1.425,0.36270746757805111
0.26666666666666666,1.45,0.36848303834972457
0.26666666666666666,1.4750000000000001,0.37423030307784322
0.26666666666666666,1.5,0.3799489622552249
0.28333333333333333,0,0
0.28333333333333333,0.025000000000000001,0.007083214870240143
0.28333333333333333,0.050000000000000003,0.014165719018976213
0.28333333333333333,0.074999999999999997,0.02124680200992738
0.28333333333333333,0.10000000000000001,0.028325753977016102
0.28333333333333333,0.125,0.035401865908862094
0.28333333333333333,0.14999999999999999,0.042474429932548179
0.28333333333333333,0.17499999999999999,0.049542739596416772
0.28333333333333333,0.20000000000000001,0.056606090151657608
0.28333333333333333,0.22500000000000001,0.063663778832448462
0.28333333333333333,0.25,0.070715105134413495
0.28333333333333333,0.27500000000000002,0.077759371091165583
0.28333333333333333,0.29999999999999999,0.084795881548701962
0.28333333333333333,0.32500000000000001,0.091823944437426461
0.28333333333333333,0.34999999999999998,0.098842871041573035
0.28333333333333333,0.375,0.10585197626581183
0.28333333333333333,0.40000000000000002,0.11285057889882022
0.28333333333333333,0.42499999999999999,0.1198380018736077
0.28333333333333333,0.45000000000000001,0.1268135725243873
0.28333333333333333,0.47499999999999998,0.1337766228397908
0.28333333333333333,0.5,0.1407264897122309
0.28333333333333333,0.52500000000000002,0.14766251518321868
0.28333333333333333,0.55000000000000004,0.15458404668444989
0.28333333333333333,0.57499999999999996,0.16149043727448001
0.28333333333333333,0.59999999999999998,0.16838104587081468
0.28333333333333333,0.625,0.17525523747724672
0.28333333333333333,0.65000000000000002,0.18211238340627933
0.28333333333333333,0.67500000000000004,0.18895186149648019
0.28333333333333333,0.69999999999999996,0.1957730563246205
0.28333333333333333,0.72499999999999998,0.20257535941245616
0.28333333333333333,0.75,0.20935816942801871
0.28333333333333333,0.77500000000000002,0.21612089238129087
0.28333333333333333,0.80000000000000004,0.22286294181414545
0.28333333333333333,0.82499999999999996,0.22958373898443904
0.28333333333333333,0.84999999999999998,0.23628271304415435
0.28333333333333333,0.875,0.24295930121149739
0.28333333333333333,0.90000000000000002,0.24961294893685859
0.28333333333333333,0.92500000000000004,0.25624311006255956
0.28333333333333333,0.94999999999999996,0.26284924697631112
0.28333333333333333,0.97499999999999998,0.26943083075831692
0.28333333333333333,1,0.27598734132196767
0.28333333333333333,1.0249999999999999,0.28251826754807241
0.28333333333333333,1.05,0.28902310741258919
0.28333333333333333,1.075,0.29550136810781635
0.28333333333333333,1.1000000000000001,0.30195256615702154
0.28333333333333333,1.125,0.30837622752248589
0.28333333333333333,1.1499999999999999,0.31477188770695452
0.28333333333333333,1.175,0.32113909184848599
0.28333333333333333,1.2,0.3274773948087053
0.28333333333333333,1.2250000000000001,0.33378636125447075
0.28333333333333333,1.25,0.34006556573296864
0.28333333333333333,1.2749999999999999,0.34631459274026344
0.28333333333333333,1.3,0.35253303678333081
0.28333333333333333,1.325,0.35872050243561132
0.28333333333333333,1.3500000000000001,0.36487660438612951
0.28333333333333333,1.375,0.37100096748222594
0.28333333333333333,1.3999999999999999,0.37709322676595902
0.28333333333333333,1.425,0.38315302750423869
0.28333333333333333,1.45,0.3891800252127563
0.28333333333333333,1.4750000000000001,0.39517388567378819
0.28333333333333333,1.5,0.40113428494794584
0.29999999999999999,0,0
0.29999999999999999,0.025000000000000001,0.0074998593781639899
0.29999999999999999,0.050000000000000003,0.014998875101240778
0.29999999999999999,0.074999999999999997,0.022496203893709668
0.29999999999999999,0.10000000000000001,0.029991003238820143
0.29999999999999999,0.125,0.037482431757070472
0.29999999999999999,0.14999999999999999,0.044969649583600245
0.29999999999999999,0.17499999999999999,0.052451818744137471
0.29999999999999999,0.20000000000000001,0.059928103529143503
0.29999999999999999,0.22500000000000001,0.067397670865801632
0.29999999999999999,0.25,0.074859690687499092
0.29999999999999999,0.27500000000000002,0.082313336300456133
0.29999999999999999,0.29999999999999999,0.089757784747160105
0.29999999999999999,0.32500000000000001,0.097192217166268663
0.29999999999999999,0.34999999999999998,0.10461581914865054
0.29999999999999999,0.375,0.11202778108923987
0.29999999999999999,0.40000000000000002,0.11942729853438588
0.29999999999999999,0.42499999999999999,0.1268135725243873
0.29999999999999999,0.45000000000000001,0.13418580993090867
0.29999999999999999,0.47499999999999998,0.14154322378898346
0.29999999999999999,0.5,0.14888503362331798
0.29999999999999999,0.52500000000000002,0.15621046576861825
0.29999999999999999,0.55000000000000004,0.1635187536836725
0.29999999999999999,0.57499999999999996,0.17080913825893015
0.29999999999999999,0.59999999999999998,0.17808086811733018
0.29999999999999999,0.625,0.18533319990813948
0.29999999999999999,0.65000000000000002,0.19256539859357569
0.29999999999999999,0.67500000000000004,0.19977673772799659
0.29999999999999999,0.69999999999999996,0.20696649972945258
0.29999999999999999,0.72499999999999998,0.21413397614340712
0.29999999999999999,0.75,0.22127846789844396
0.29999999999999999,0.77500000000000002,0.22839928555379027
0.29999999999999999,0.80000000000000004,0.23549574953849794
0.29999999999999999,0.82499999999999996,0.24256719038213564
0.29999999999999999,0.84999999999999998,0.24961294893685859
0.29999999999999999,0.875,0.25663237659073251
0.29999999999999999,0.90000000000000002,0.26362483547220328
0.29999999999999999,0.92500000000000004,0.27058969864561411
0.29999999999999999,0.94999999999999996,0.2775263502976838
0.29999999999999999,0.97499999999999998,0.28443418591487535
0.29999999999999999,1,0.2913126124515909
0.29999999999999999,1.0249999999999999,0.2981610484891466
0.29999999999999999,1.05,0.3049789243854889
0.29999999999999999,1.075,0.31176568241562735
0.29999999999999999,1.1000000000000001,0.31852077690277086
0.29999999999999999,1.125,0.32524367434016499
0.29999999999999999,1.1499999999999999,0.33193385350364046
0.29999999999999999,1.175,0.33859080555489202
0.29999999999999999,1.2,0.34521403413552093
0.29999999999999999,1.2250000000000001,0.3518030554518814
0.29999999999999999,1.25,0.35835739835078595
0.29999999999999999,1.2749999999999999,0.36487660438612951
0.29999999999999999,1.3,0.37136022787650769
0.29999999999999999,1.325,0.37780783595390921
0.29999999999999999,1.3500000000000001,0.38421900860357633
0.29999999999999999,1.375,0.39059333869513074
0.29999999999999999,1.3999999999999999,0.39693043200507755
0.29999999999999999,1.425,0.40322990723080138
0.29999999999999999,1.45,0.40949139599618206
0.29999999999999999,1.4750000000000001,0.41571454284896264
0.29999999999999999,1.5,0.4218990052500079
0.31666666666666665,0,0
0.31666666666666665,0.025000000000000001,0.0079165012821167773
0.31666666666666665,0.050000000000000003,0.015832010356430459
0.31666666666666665,0.074999999999999997,0.023745535512505616
0.31666666666666665,0.10000000000000001,0.031656086034112477
0.31666666666666665,0.125,0.039562672695006386
0.31666666666666665,0.14999999999999999,0.047464308253122166
0.31666666666666665,0.17499999999999999,0.055360007942659176
0.31666666666666665,0.20000000000000001,0.063248789963537208
0.31666666666666665,0.22500000000000001,0.071129675967707862
0.31666666666666665,0.25,0.079001691541811955
0.31666666666666665,0.27500000000000002,0.086863866685679664
0.31666666666666665,0.29999999999999999,0.094715236286178534
0.31666666666666665,0.32500000000000001,0.1025548405859219
0.31666666666666665,0.34999999999999998,0.11038172564635992
0.31666666666666665,0.375,0.11819494380478603
0.31666666666666665,0.40000000000000002,0.12599355412480107
0.31666666666666665,0.42499999999999999,0.1337766228397908
0.31666666666666665,0.45000000000000001,0.14154322378898346
0.31666666666666665,0.47499999999999998,0.14929243884566742
0.31666666666666665,0.5,0.15702335833716335
0.31666666666666665,0.52500000000000002,0.16473508145615889
0.31666666666666665,0.55000000000000004,0.17242671666302931
0.31666666666666665,0.57499999999999996,0.18009738207878279
0.31666666666666665,0.59999999999999998,0.18774620586828539
0.31666666666666665,0.625,0.1953723266134369
0.31666666666666665,0.65000000000000002,0.20297489367598573
0.31666666666666665,0.67500000000000004,0.21055306754968897
0.31666666666666665,0.69999999999999996,0.2181060202015403
0.31666666666666665,0.72499999999999998,0.22563293540180748
0.31666666666666665,0.75,0.23313300904263859
0.31666666666666665,0.77500000000000002,0.24060544944501527
0.31666666666666665,0.80000000000000004,0.2480494776538493
0.31666666666666665,0.82499999999999996,0.25546432772103767
0.31666666666666665,0.84999999999999998,0.26284924697631112
0.31666666666666665,0.875,0.27020349628572748
0.31666666666666665,0.90000000000000002,0.2775263502976838
0.31666666666666665,0.92500000000000004,0.28481709767633606
0.31666666666666665,0.94999999999999996,0.29207504132233647
0.31666666666666665,0.97499999999999998,0.2992994985808175
0.31666666666666665,1,0.30648980143656684
0.31666666666666665,1.0249999999999999,0.31364529669636004
0.31666666666666665,1.05,0.32076534615843222
0.31666666666666665,1.075,0.32784932676908979
0.31666666666666665,1.1000000000000001,0.33489663076648052
0.31666666666666665,1.125,0.34190666581155521
0.31666666666666665,1.1499999999999999,0.34887885510627481
0.31666666666666665,1.175,0.35581263749912895
0.31666666666666665,1.2,0.36270746757805111
0.31666666666666665,1.2250000000000001,0.36956281575082944
0.31666666666666665,1.25,0.37637816831312643
0.31666666666666665,1.2749999999999999,0.38315302750423857
0.31666666666666665,1.3,0.38988691155073574
0.31666666666666665,1.325,0.39657935469813815
0.31666666666666665,1.3500000000000001,0.40322990723080138
0.31666666666666665,1.375,0.40983813548018688
0.31666666666666665,1.3999999999999999,0.41640362182171498
0.31666666666666665,1.425,0.4229259646604025
0.31666666666666665,1.45,0.42940477840549962
0.31666666666666665,1.4750000000000001,0.43583969343435286
0.31666666666666665,1.5,0.44223035604572614
0.33333333333333331,0,0
0.33333333333333331,0.025000000000000001,0.0083331404374569831
0.33333333333333331,0.050000000000000003,0.016665123628238611
0.33333333333333331,0.074999999999999997,0.024994792968420682
0.33333333333333331,0.10000000000000001,0.033320993138822863
0.33333333333333331,0.125,0.041642570745485948
0.33333333333333331,0.14999999999999999,0.04995837495787997
0.33333333333333331,0.17499999999999999,0.058267258144093705
0.33333333333333331,0.20000000000000001,0.066568076502262569
0.33333333333333331,0.22500000000000001,0.074859690687499092
0.33333333333333331,0.25,0.083140966433599764
0.33333333333333331,0.27500000000000002,0.091410775168811742
0.33333333333333331,0.29999999999999999,0.099667994624955805
0.33333333333333331,0.32500000000000001,0.10791150943921408
0.33333333333333331,0.34999999999999998,0.11614021174790658
0.33333333333333331,0.375,0.12435300177159619
0.33333333333333331,0.40000000000000002,0.13254878839087839
0.33333333333333331,0.42499999999999999,0.1407264897122309
0.33333333333333331,0.45000000000000001,0.14888503362331798
0.33333333333333331,0.47499999999999998,0.15702335833716335
0.33333333333333331,0.5,0.16514041292462936
0.33333333333333331,0.52500000000000002,0.17323515783466012
0.33333333333333331,0.55000000000000004,0.18130656540177167
0.33333333333333331,0.57499999999999996,0.18935362034029507
0.33333333333333331,0.59999999999999998,0.19737532022490398
0.33333333333333331,0.625,0.20537067595698336
0.33333333333333331,0.65000000000000002,0.21333871221642287
0.33333333333333331,0.67500000000000004,0.22127846789844399
0.33333333333333331,0.69999999999999996,0.22918899653509897
0.33333333333333331,0.72499999999999998,0.23706936670110546
0.33333333333333331,0.75,0.24491866240370913
0.33333333333333331,0.77500000000000002,0.252735983456296
0.33333333333333331,0.80000000000000004,0.26052044583550266
0.33333333333333331,0.82499999999999996,0.26827118202160133
0.33333333333333331,0.84999999999999998,0.27598734132196767
0.33333333333333331,0.875,0.28366809017746203
0.33333333333333331,0.90000000000000002,0.2913126124515909
0.33333333333333331,0.92500000000000004,0.29892010970233523
0.33333333333333331,0.94999999999999996,0.30648980143656684
0.33333333333333331,0.97499999999999998,0.31402092534699755
0.33333333333333331,1,0.32151273753163434
0.33333333333333331,1.0249999999999999,0.32896451269574101
0.33333333333333331,1.05,0.33637554433633221
0.33333333333333331,1.075,0.34374514490925084
0.33333333333333331,1.1000000000000001,0.35107264597890853
0.33333333333333331,1.125,0.35835739835078595
0.33333333333333331,1.1499999999999999,0.36559877218682496
0.33333333333333331,1.175,0.37279615710385455
0.33333333333333331,1.2,0.3799489622552249
0.33333333333333331,1.2250000000000001,0.3870566163958421
0.33333333333333331,1.25,0.39411856793081446
0.33333333333333331,1.2749999999999999,0.40113428494794584
0.33333333333333331,1.3,0.40810325523432495
0.33333333333333331,1.325,0.41502498627728313
0.33333333333333331,1.3500000000000001,0.4218990052500079
0.33333333333333331,1.375,0.42872485898211188
0.33333333333333331,1.3999999999999999,0.43550211391547999
0.33333333333333331,1.425,0.44223035604572614
0.33333333333333331,1.45,0.44890919084960429
0.33333333333333331,1.4750000000000001,0.45553824319873387
0.33333333333333331,1.5,0.46211715726000974
0.34999999999999998,0,0
0.34999999999999998,0.025000000000000001,0.0087497766995469056
0.34999999999999998,0.050000000000000003,0.017498213760480687
0.34999999999999998,0.074999999999999997,0.026243972364486584
0.34999999999999998,0.10000000000000001,0.034985715332779443
0.34999999999999998,0.125,0.043722107943203026
0.34999999999999998,0.14999999999999999,0.052451818744137471
0.34999999999999998,0.17499999999999999,0.061173520364161932
0.34999999999999998,0.20000000000000001,0.069885890316428986
0.34999999999999998,0.22500000000000001,0.078587611796719137
0.34999999999999998,0.25,0.087277374474157732
0.34999999999999998,0.27500000000000002,0.09595387527359274
0.34999999999999998,0.29999999999999999,0.10461581914865054
0.34999999999999998,0.32500000000000001,0.11326191984450672
0.34999999999999998,0.34999999999999998,0.12189090064943239
0.34999999999999998,0.375,0.13050149513419973
0.34999999999999998,0.40000000000000002,0.13909244787845801
0.34999999999999998,0.42499999999999999,0.14766251518321868
0.34999999999999998,0.45000000000000001,0.15621046576861825
0.34999999999999998,0.47499999999999998,0.16473508145615887
0.34999999999999998,0.5,0.17323515783466012
0.34999999999999998,0.52500000000000002,0.18170950490918844
0.34999999999999998,0.55000000000000004,0.19015694773226804
0.34999999999999998,0.57499999999999996,0.19857632701671218
0.34999999999999998,0.59999999999999998,0.20696649972945258
0.34999999999999998,0.625,0.21532633966578324
0.34999999999999998,0.65000000000000002,0.22365473800347421
0.34999999999999998,0.67500000000000004,0.23195060383625157
0.34999999999999998,0.69999999999999996,0.24021286468618022
0.34999999999999998,0.72499999999999998,0.24844046699452838
0.34999999999999998,0.75,0.25663237659073246
0.34999999999999998,0.77500000000000002,0.26478757913912565
0.34999999999999998,0.80000000000000004,0.27290508056313262
0.34999999999999998,0.82499999999999996,0.28098390744667712
0.34999999999999998,0.84999999999999998,0.28902310741258919
0.34999999999999998,0.875,0.29702174947784193
0.34999999999999998,0.90000000000000002,0.3049789243854889
0.34999999999999998,0.92500000000000004,0.31289374491321181
0.34999999999999998,0.94999999999999996,0.32076534615843211
0.34999999999999998,0.97499999999999998,0.32859288579997747
0.34999999999999998,1,0.33637554433633221
0.34999999999999998,1.0249999999999999,0.34411252530054282
0.34999999999999998,1.05,0.3518030554518814
0.34999999999999998,1.075,0.35944638494441139
0.34999999999999998,1.1000000000000001,0.36704178747263133
0.34999999999999998,1.125,0.37458856039440819
0.34999999999999998,1.1499999999999999,0.38208602483144566
0.34999999999999998,1.175,0.38953352574756084
0.34999999999999998,1.2,0.39693043200507755
0.34999999999999998,1.2250000000000001,0.40427613639967025
0.34999999999999998,1.25,0.41157005567402238
0.34999999999999998,1.2749999999999999,0.41881163051068693
0.34999999999999998,1.3,0.42600032550456335
0.34999999999999998,1.325,0.43313562911542902
0.34999999999999998,1.3500000000000001,0.44021705360098295
0.34999999999999998,1.375,0.44724413493088033
0.34999999999999998,1.3999999999999999,0.45421643268225909
0.34999999999999998,1.425,0.46113352991726886
0.34999999999999998,1.45,0.46799503304313933
0.34999999999999998,1.4750000000000001,0.47480057165532774
0.34999999999999998,1.5,0.48154979836430789
0.36666666666666664,0,0
0.36666666666666664,0.025000000000000001,0.009166409923752868
0.36666666666666664,0.050000000000000003,0.018331279597100639
0.36666666666666664,0.074999999999999997,0.027493069804709856
0.36666666666666664,0.10000000000000001,0.036650243399912595
0.36666666666666664,0.125,0.045801266335348395
0.36666666666666664,0.14999999999999999,0.054944608689187414
0.36666666666666664,0.17499999999999999,0.064078745685478666
0.36666666666666664,0.20000000000000001,0.073202158707181442
0.36666666666666664,0.22500000000000001,0.082313336300456119
0.36666666666666664,0.25,0.091410775168811742
0.36666666666666664,0.27500000000000002,0.10049298115573199
0.36666666666666664,0.29999999999999999,0.10955847021442953
0.36666666666666664,0.32500000000000001,0.11860576936340937
0.36666666666666664,0.34999999999999998,0.12763341762655608
0.36666666666666664,0.375,0.13663996695649616
0.36666666666666664,0.40000000000000002,0.14562398314002767
0.36666666666666664,0.42499999999999999,0.15458404668444986
0.36666666666666664,0.45000000000000001,0.1635187536836725
0.36666666666666664,0.47499999999999998,0.17242671666302925
0.36666666666666664,0.5,0.18130656540177167
0.36666666666666664,0.52500000000000002,0.19015694773226804
0.36666666666666664,0.55000000000000004,0.19897653031498874
0.36666666666666664,0.57499999999999996,0.20776399938841011
0.36666666666666664,0.59999999999999998,0.21651806149302877
0.36666666666666664,0.625,0.22523744416873226
0.36666666666666664,0.65000000000000002,0.23392089662483379
0.36666666666666664,0.67500000000000004,0.24256719038213564
0.36666666666666664,0.69999999999999996,0.25117511988644686
0.36666666666666664,0.72499999999999998,0.25974350309304101
0.36666666666666664,0.75,0.26827118202160133
0.36666666666666664,0.77500000000000002,0.27675702328126089
0.36666666666666664,0.80000000000000004,0.28519991856540566
0.36666666666666664,0.82499999999999996,0.29359878511597121
0.36666666666666664,0.84999999999999998,0.30195256615702148
0.36666666666666664,0.875,0.31026023129745811
0.36666666666666664,0.90000000000000002,0.31852077690277081
0.36666666666666664,0.92500000000000004,0.32673322643579206
0.36666666666666664,0.94999999999999996,0.33489663076648052
0.36666666666666664,0.97499999999999998,0.34301006845081161
0.36666666666666664,1,0.35107264597890847
0.36666666666666664,1.0249999999999999,0.35908349799259787
0.36666666666666664,1.05,0.36704178747263133
0.36666666666666664,1.075,0.37494670589585455
0.36666666666666664,1.1000000000000001,0.38279747336266468
0.36666666666666664,1.125,0.39059333869513074
0.36666666666666664,1.1499999999999999,0.3983335795062079
0.36666666666666664,1.175,0.40601750224050798
0.36666666666666664,1.2,0.41364444218713509
0.36666666666666664,1.2250000000000001,0.42121376346513167
0.36666666666666664,1.25,0.42872485898211188
0.36666666666666664,1.2749999999999999,0.43617715036669957
0.36666666666666664,1.3,0.4435700878754133
0.36666666666666664,1.325,0.45090315027467048
0.36666666666666664,1.3500000000000001,0.458175844698613
0.36666666666666664,1.375,0.46538770648347588
0.36666666666666664,1.3999999999999999,0.47253829897924621
0.36666666666666664,1.425,0.47962721333937575
0.36666666666666664,1.45,0.48665406828933228
0.36666666666666664,1.4750000000000001,0.49361850987478478
0.36666666666666664,1.5,0.50052021119023515
0.38333333333333336,0,0
0.38333333333333336,0.025000000000000001,0.0095830399654454022
0.38333333333333336,0.050000000000000003,0.019164319982177328
0.38333333333333336,0.074999999999999997,0.028742081394120433
0.38333333333333336,0.10000000000000001,0.038314568128458681
0.38333333333333336,0.125,0.047880027982227936
0.38333333333333336,0.14999999999999999,0.057436713902879258
0.38333333333333336,0.17499999999999999,0.066982885260828115
0.38333333333333336,0.20000000000000001,0.076516809112026268
0.38333333333333336,0.22500000000000001,0.086036761448619659
0.38333333333333336,0.25,0.095541028435786879
0.38333333333333336,0.27500000000000002,0.10502790763289015
0.38333333333333336,0.29999999999999999,0.11449570919711116
0.38333333333333336,0.32500000000000001,0.12394275706779108
0.38333333333333336,0.34999999999999998,0.13336739012974347
0.38333333333333336,0.375,0.14276796335386474
0.38333333333333336,0.40000000000000002,0.15214284891342431
0.38333333333333336,0.42499999999999999,0.16149043727448001
0.38333333333333336,0.45000000000000001,0.17080913825893021
0.38333333333333336,0.47499999999999998,0.18009738207878281
0.38333333333333336,0.5,0.1893536203402951
0.38333333333333336,0.52500000000000002,0.19857632701671218
0.38333333333333336,0.55000000000000004,0.2077639993884102
0.38333333333333336,0.57499999999999996,0.21691515894933028
0.38333333333333336,0.59999999999999998,0.22602835227867096
0.38333333333333336,0.625,0.2351021518768899
0.38333333333333336,0.65000000000000002,0.24413515696515081
0.38333333333333336,0.67500000000000004,0.25312599424743665
0.38333333333333336,0.69999999999999996,0.26207331863463718
0.38333333333333336,0.72499999999999998,0.2709758139300063
0.38333333333333336,0.75,0.27983219347546834
0.38333333333333336,0.77500000000000002,0.28864120075834465
0.38333333333333336,0.80000000000000004,0.29740160997815379
0.38333333333333336,0.82499999999999996,0.30611222657322551
0.38333333333333336,0.84999999999999998,0.31477188770695458
0.38333333333333336,0.875,0.32337946271360285
0.38333333333333336,0.90000000000000002,0.33193385350364052
0.38333333333333336,0.92500000000000004,0.34043399492869741
0.38333333333333336,0.94999999999999996,0.34887885510627492
0.38333333333333336,0.97499999999999998,0.35726743570444291
0.38333333333333336,1,0.36559877218682502
0.38333333333333336,1.0249999999999999,0.37387193401824043
0.38333333333333336,1.05,0.38208602483144566
0.38333333333333336,1.075,0.39024018255548365
0.38333333333333336,1.1000000000000001,0.39833357950620796
0.38333333333333336,1.125,0.4063654224396171
0.38333333333333336,1.1499999999999999,0.41433495256868319
0.38333333333333336,1.175,0.42224144554441967
0.38333333333333336,1.2,0.43008421140197944
0.38333333333333336,1.2250000000000001,0.43786259447262432
0.38333333333333336,1.25,0.44557597326244924
0.38333333333333336,1.2749999999999999,0.45322376029878814
0.38333333333333336,1.3,0.46080540194525943
0.38333333333333336,1.325,0.46832037818645156
0.38333333333333336,1.3500000000000001,0.47576820238326983
0.38333333333333336,1.375,0.48314842100000199
0.38333333333333336,1.3999999999999999,0.49046061330417601
0.38333333333333336,1.425,0.49770439104030662
0.38333333333333336,1.45,0.5048793980786469
0.38333333333333336,1.4750000000000001,0.51198531004007053
0.38333333333333336,1.5,0.51902183389822221
0.40000000000000002,0,0
0.40000000000000002,0.025000000000000001,0.0099996666799994621
0.40000000000000002,0.050000000000000003,0.019997333759930933
0.40000000000000002,0.074999999999999997,0.029991003238820143
0.40000000000000002,0.10000000000000001,0.039978680311163577
0.40000000000000002,0.125,0.049958374957879977
0.40000000000000002,0.14999999999999999,0.059928103529143503
0.40000000000000002,0.17499999999999999,0.069885890316428986
0.40000000000000002,0.20000000000000001,0.079829769111131377
0.40000000000000002,0.22500000000000001,0.089757784747160119
0.40000000000000002,0.25,0.099667994624955819
0.40000000000000002,0.27500000000000002,0.10955847021442955
0.40000000000000002,0.29999999999999999,0.11942729853438588
0.40000000000000002,0.32500000000000001,0.12927258360605834
0.40000000000000002,0.34999999999999998,0.13909244787845801
0.40000000000000002,0.375,0.14888503362331801
0.40000000000000002,0.40000000000000002,0.15864850429749894
0.40000000000000002,0.42499999999999999,0.16838104587081471
0.40000000000000002,0.45000000000000001,0.17808086811733023
0.40000000000000002,0.47499999999999998,0.18774620586828542
0.40000000000000002,0.5,0.19737532022490401
0.40000000000000002,0.52500000000000002,0.20696649972945261
0.40000000000000002,0.55000000000000004,0.21651806149302888
0.40000000000000002,0.57499999999999996,0.22602835227867094
0.40000000000000002,0.59999999999999998,0.23549574953849794
0.40000000000000002,0.625,0.24491866240370913
0.40000000000000002,0.65000000000000002,0.25429553262639115
0.40000000000000002,0.67500000000000004,0.26362483547220328
0.40000000000000002,0.69999999999999996,0.27290508056313262
0.40000000000000002,0.72499999999999998,0.28213481266963414
0.40000000000000002,0.75,0.2913126124515909
0.40000000000000002,0.77500000000000002,0.30043709714765415
0.40000000000000002,0.80000000000000004,0.30950692121263851
0.40000000000000002,0.82499999999999996,0.31852077690277086
0.40000000000000002,0.84999999999999998,0.32747739480870536
0.40000000000000002,0.875,0.33637554433633221
0.40000000000000002,0.90000000000000002,0.34521403413552093
0.40000000000000002,0.92500000000000004,0.35399171247704608
0.40000000000000002,0.94999999999999996,0.36270746757805111
0.40000000000000002,0.97499999999999998,0.37136022787650769
0.40000000000000002,1,0.3799489622552249
0.40000000000000002,1.0249999999999999,0.38847268021606096
0.40000000000000002,1.05,0.39693043200507755
0.40000000000000002,1.075,0.40532130868946292
0.40000000000000002,1.1000000000000001,0.4136444421871352
0.40000000000000002,1.125,0.4218990052500079
0.40000000000000002,1.1499999999999999,0.43008421140197944
0.40000000000000002,1.175,0.43819931483276775
0.40000000000000002,1.2,0.44624361024877968
0.40000000000000002,1.2250000000000001,0.45421643268225914
0.40000000000000002,1.25,0.46211715726000974
0.40000000000000002,1.2749999999999999,0.46994519893303754
0.40000000000000002,1.3,0.47770001216849795
0.40000000000000002,1.325,0.48538109060537149
0.40000000000000002,1.3500000000000001,0.49298796667532435
0.40000000000000002,1.375,0.50052021119023526
0.40000000000000002,1.3999999999999999,0.50797743289789599
0.40000000000000002,1.425,0.51535927800740977
0.40000000000000002,1.45,0.52266542968582086
0.40000000000000002,1.4750000000000001,0.52989560752752951
0.40000000000000002,1.5,0.53704956699803541
0.41666666666666669,0,0
0.41666666666666669,0.025000000000000001,0.010416289922794624
0.41666666666666669,0.050000000000000003,0.020830319774729388
0.41666666666666669,0.074999999999999997,0.031239831446031256
0.41666666666666669,0.10000000000000001,0.041642570745485954
0.41666666666666669,0.125,0.052036289350691461
0.41666666666666669,0.14999999999999999,0.062418746747512514
0.41666666666666669,0.17499999999999999,0.072787712155189421
0.41666666666666669,0.20000000000000001,0.083140966433599778
0.41666666666666669,0.22500000000000001,0.093476303969227736
0.41666666666666669,0.25,0.10379153453646234
0.41666666666666669,0.27500000000000002,0.11408448513092279
0.41666666666666669,0.29999999999999999,0.12435300177159619
0.41666666666666669,0.32500000000000001,0.1345949512686696
0.41666666666666669,0.34999999999999998,0.14480822295404272
0.41666666666666669,0.375,0.1549907303716235
0.41666666666666669,0.40000000000000002,0.16514041292462939
0.41666666666666669,0.42499999999999999,0.17525523747724681
0.41666666666666669,0.45000000000000001,0.18533319990813948
0.41666666666666669,0.47499999999999998,0.1953723266134369
0.41666666666666669,0.5,0.20537067595698336
0.41666666666666669,0.52500000000000002,0.2153263396657833
0.41666666666666669,0.55000000000000004,0.22523744416873229
0.41666666666666669,0.57499999999999996,0.2351021518768899
0.41666666666666669,0.59999999999999998,0.24491866240370913
0.41666666666666669,0.625,0.25468521372380853
0.41666666666666669,0.65000000000000002,0.26440008326903897
0.41666666666666669,0.67500000000000004,0.27406158896076643
0.41666666666666669,0.69999999999999996,0.28366809017746208
0.41666666666666669,0.72499999999999998,0.29321798865685972
0.41666666666666669,0.75,0.30270972933210849
0.41666666666666669,0.77500000000000002,0.31214180110151507
0.41666666666666669,0.80000000000000004,0.3215127375316344
0.41666666666666669,0.82499999999999996,0.33082111749362803
0.41666666666666669,0.84999999999999998,0.34006556573296864
0.41666666666666669,0.875,0.34924475337272171
0.41666666666666669,0.90000000000000002,0.35835739835078595
0.41666666666666669,0.92500000000000004,0.36740226579162122
0.41666666666666669,0.94999999999999996,0.37637816831312643
0.41666666666666669,0.97499999999999998,0.38528396626947237
0.41666666666666669,1,0.39411856793081462
0.41666666666666669,1.0249999999999999,0.4028809296009418
0.41666666666666669,1.05,0.41157005567402255
0.41666666666666669,1.075,0.42018499863172815
0.41666666666666669,1.1000000000000001,0.42872485898211188
0.41666666666666669,1.125,0.43718878514171228
0.41666666666666669,1.1499999999999999,0.44557597326244924
0.41666666666666669,1.175,0.45388566700494759
0.41666666666666669,1.2,0.46211715726000974
0.41666666666666669,1.2250000000000001,0.47026978182001655
0.41666666666666669,1.25,0.47834292500209707
0.41666666666666669,1.2749999999999999,0.48633601722496222
0.41666666666666669,1.3,0.49424853454133921
0.41666666666666669,1.325,0.50207999812797999
0.41666666666666669,1.3500000000000001,0.50982997373525663
0.41666666666666669,1.375,0.5174980710983651
0.41666666666666669,1.3999999999999999,0.52508394331219499
0.41666666666666669,1.425,0.53258728617191942
0.41666666666666669,1.45,0.54000783748137204
0.41666666666666669,1.4750000000000001,0.54734537633127589
0.41666666666666669,1.5,0.55459972234938226
0.43333333333333335,0,0
0.43333333333333335,0.025000000000000001,0.010832909549215286
0.43333333333333335,0.050000000000000003,0.021663276871094761
0.43333333333333335,0.074999999999999997,0.032488562124144908
0.43333333333333335,0.10000000000000001,0.043306230233800404
0.43333333333333335,0.125,0.054113753264013222
0.43333333333333335,0.14999999999999999,0.064908612774637511
0.43333333333333335,0.17499999999999999,0.075688302159950607
0.43333333333333335,0.20000000000000001,0.086450328963715434
0.43333333333333335,0.22500000000000001,0.097192217166268663
0.43333333333333335,0.25,0.10791150943921408
0.43333333333333335,0.27500000000000002,0.1186057693634094
0.43333333333333335,0.29999999999999999,0.12927258360605834
0.43333333333333335,0.32500000000000001,0.13990956405285601
0.43333333333333335,0.34999999999999998,0.15051434989128482
0.43333333333333335,0.375,0.16108460964131921
0.43333333333333335,0.40000000000000002,0.17161804312996978
0.43333333333333335,0.42499999999999999,0.18211238340627933
0.43333333333333335,0.45000000000000001,0.19256539859357569
0.43333333333333335,0.47499999999999998,0.20297489367598573
0.43333333333333335,0.5,0.21333871221642287
0.43333333333333335,0.52500000000000002,0.22365473800347424
0.43333333333333335,0.55000000000000004,0.23392089662483381
0.43333333333333335,0.57499999999999996,0.24413515696515078
0.43333333333333335,0.59999999999999998,0.25429553262639115
0.43333333333333335,0.625,0.26440008326903897
0.43333333333333335,0.65000000000000002,0.27444691587269676
0.43333333333333335,0.67500000000000004,0.2844341859148754
0.43333333333333335,0.69999999999999996,0.29436009846699424
0.43333333333333335,0.72499999999999998,0.30422290920684525
0.43333333333333335,0.75,0.31402092534699755
0.43333333333333335,0.77500000000000002,0.32375250647884918
0.43333333333333335,0.80000000000000004,0.33341606533224621
0.43333333333333335,0.82499999999999996,0.34301006845081161
0.43333333333333335,0.84999999999999998,0.35253303678333081
0.43333333333333335,0.875,0.36198354619174561
0.43333333333333335,0.90000000000000002,0.37136022787650769
0.43333333333333335,0.92500000000000004,0.38066176872022717
0.43333333333333335,0.94999999999999996,0.38988691155073574
0.43333333333333335,0.97499999999999998,0.39903445532485493
0.43333333333333335,1,0.40810325523432495
0.43333333333333335,1.0249999999999999,0.4170922227354994
0.43333333333333335,1.05,0.42600032550456335
0.43333333333333335,1.075,0.43482658732015561
0.43333333333333335,1.1000000000000001,0.44357008787541347
0.43333333333333335,1.125,0.45222996252155834
0.43333333333333335,1.1499999999999999,0.46080540194525937
0.43333333333333335,1.175,0.46929565178209165
0.43333333333333335,1.2,0.47770001216849795
0.43333333333333335,1.2250000000000001,0.48601783723473435
0.43333333333333335,1.25,0.49424853454133921
0.43333333333333335,1.2749999999999999,0.50239156446172273
0.43333333333333335,1.3,0.51044643951351421
0.43333333333333335,1.325,0.51841272364133695
0.43333333333333335,1.3500000000000001,0.52629003145371078
0.43333333333333335,1.375,0.534078027416789
0.43333333333333335,1.3999999999999999,0.54177642500764944
0.43333333333333335,1.425,0.54938498582985662
0.43333333333333335,1.45,0.55690351869399923
0.43333333333333335,1.4750000000000001,0.56433187866589385
0.43333333333333335,1.5,0.57166996608511733
0.45000000000000001,0,0
0.45000000000000001,0.025000000000000001,0.011249525414650869
0.45000000000000001,0.050000000000000003,0.022496203893709672
0.45000000000000001,0.074999999999999997,0.033737191382769573
0.45000000000000001,0.10000000000000001,0.044969649583600252
0.45000000000000001,0.125,0.056190748816774064
0.45000000000000001,0.14999999999999999,0.067397670865801632
0.45000000000000001,0.17499999999999999,0.078587611796719137
0.45000000000000001,0.20000000000000001,0.089757784747160119
0.45000000000000001,0.22500000000000001,0.10090542267905561
0.45000000000000001,0.25,0.11202778108923989
0.45000000000000001,0.27500000000000002,0.12312214067239108
0.45000000000000001,0.29999999999999999,0.13418580993090867
0.45000000000000001,0.32500000000000001,0.14521612772652032
0.45000000000000001,0.34999999999999998,0.15621046576861825
0.45000000000000001,0.375,0.16716623103455058
0.45000000000000001,0.40000000000000002,0.17808086811733023
0.45000000000000001,0.42499999999999999,0.18895186149648019
0.45000000000000001,0.45000000000000001,0.19977673772799659
0.45000000000000001,0.47499999999999998,0.21055306754968897
0.45000000000000001,0.5,0.22127846789844399
0.45000000000000001,0.52500000000000002,0.2319506038362516
0.45000000000000001,0.55000000000000004,0.2425671903821357
0.45000000000000001,0.57499999999999996,0.25312599424743659
0.45000000000000001,0.59999999999999998,0.26362483547220328
0.45000000000000001,0.625,0.27406158896076638
0.45000000000000001,0.65000000000000002,0.2844341859148754
0.45000000000000001,0.67500000000000004,0.29474061516309796
0.45000000000000001,0.69999999999999996,0.3049789243854889
0.45000000000000001,0.72499999999999998,0.31514722123284511
0.45000000000000001,0.75,0.32524367434016505
0.45000000000000001,0.77500000000000002,0.33526651423423109
0.45000000000000001,0.80000000000000004,0.34521403413552093
0.45000000000000001,0.82499999999999996,0.35508459065493847
0.45000000000000001,0.84999999999999998,0.36487660438612951
0.45000000000000001,0.875,0.37458856039440819
0.45000000000000001,0.90000000000000002,0.38421900860357633
0.45000000000000001,0.92500000000000004,0.39376656408215815
0.45000000000000001,0.94999999999999996,0.40322990723080138
0.45000000000000001,0.97499999999999998,0.41260778387281394
0.45000000000000001,1,0.4218990052500079
0.45000000000000001,1.0249999999999999,0.43110244792621077
0.45000000000000001,1.05,0.44021705360098295
0.45000000000000001,1.075,0.44924182883623826
0.45000000000000001,1.1000000000000001,0.458175844698613
0.45000000000000001,1.125,0.46701823632056089
0.45000000000000001,1.1499999999999999,0.47576820238326967
0.45000000000000001,1.175,0.4844250045245988
0.45000000000000001,1.2,0.49298796667532435
0.45000000000000001,1.2250000000000001,0.50145647432705709
0.45000000000000001,1.25,0.50982997373525663
0.45000000000000001,1.2749999999999999,0.51810797106081385
0.45000000000000001,1.3,0.52629003145371078
0.45000000000000001,1.325,0.53437577808228409
0.45000000000000001,1.3500000000000001,0.54236489111163355
0.45000000000000001,1.375,0.55025710663471306
0.45000000000000001,1.3999999999999999,0.55805221555962425
0.45000000000000001,1.425,0.56575006245662074
0.45000000000000001,1.45,0.57335054436827915
0.45000000000000001,1.4750000000000001,0.58085360958627219
0.45000000000000001,1.5,0.58825925639810539
0.46666666666666667,0,0
0.46666666666666667,0.025000000000000001,0.011666137374496012
0.46666666666666667,0.050000000000000003,0.023329099687423707
0.46666666666666667,0.074999999999999997,0.034985715332779443
0.46666666666666667,0.10000000000000001,0.046632819607700202
0.46666666666666667,0.125,0.058267258144093712
0.46666666666666667,0.14999999999999999,0.069885890316428986
0.46666666666666667,0.17499999999999999,0.081485592617887445
0.46666666666666667,0.20000000000000001,0.093063261997200136
0.46666666666666667,0.22500000000000001,0.10461581914865055
0.46666666666666667,0.25,0.11614021174790659
0.46666666666666667,0.27500000000000002,0.12763341762655611
0.46666666666666667,0.29999999999999999,0.13909244787845801
0.46666666666666667,0.32500000000000001,0.15051434989128482
0.46666666666666667,0.34999999999999998,0.16189621029691698
0.46666666666666667,0.375,0.17323515783466012
0.46666666666666667,0.40000000000000002,0.18452836612158294
0.46666666666666667,0.42499999999999999,0.19577305632462055
0.46666666666666667,0.45000000000000001,0.20696649972945261
0.46666666666666667,0.47499999999999998,0.2181060202015403
0.46666666666666667,0.5,0.229188996535099
0.46666666666666667,0.52500000000000002,0.24021286468618028
0.46666666666666667,0.55000000000000004,0.25117511988644692
0.46666666666666667,0.57499999999999996,0.26207331863463718
0.46666666666666667,0.59999999999999998,0.27290508056313262
0.46666666666666667,0.625,0.28366809017746208
0.46666666666666667,0.65000000000000002,0.29436009846699424
0.46666666666666667,0.67500000000000004,0.3049789243854889
0.46666666666666667,0.69999999999999996,0.31552245620058506
0.46666666666666667,0.72499999999999998,0.32598865271171534
0.46666666666666667,0.75,0.33637554433633221
0.46666666666666667,0.77500000000000002,0.3466812340647184
0.46666666666666667,0.80000000000000004,0.35690389828403635
0.46666666666666667,0.82499999999999996,0.36704178747263133
0.46666666666666667,0.84999999999999998,0.37709322676595919
0.46666666666666667,0.875,0.3870566163958421
0.46666666666666667,0.90000000000000002,0.39693043200507755
0.46666666666666667,0.92500000000000004,0.40671322483972971
0.46666666666666667,0.94999999999999996,0.41640362182171498
0.46666666666666667,0.97499999999999998,0.42600032550456335
0.46666666666666667,1,0.43550211391547999
0.46666666666666667,1.0249999999999999,0.44490784028706626
0.46666666666666667,1.05,0.45421643268225914
0.46666666666666667,1.075,0.463426893516242
0.46666666666666667,1.1000000000000001,0.47253829897924621
0.46666666666666667,1.125,0.48154979836430806
0.46666666666666667,1.1499999999999999,0.49046061330417601
0.46666666666666667,1.175,0.49927003692167216
0.46666666666666667,1.2,0.50797743289789599
0.46666666666666667,1.2250000000000001,0.51658223446273588
0.46666666666666667,1.25,0.52508394331219499
0.46666666666666667,1.2749999999999999,0.53348212845708554
0.46666666666666667,1.3,0.54177642500764944
0.46666666666666667,1.325,0.5499665328986697
0.46666666666666667,1.3500000000000001,0.55805221555962425
0.46666666666666667,1.375,0.56603329853439721
0.46666666666666667,1.3999999999999999,0.57390966805502108
0.46666666666666667,1.425,0.58168126957387345
0.46666666666666667,1.45,0.58934810625866552
0.46666666666666667,1.4750000000000001,0.59691023745449978
0.46666666666666667,1.5,0.60436777711716361
0.48333333333333334,0,0
0.48333333333333334,0.025000000000000001,0.012082745284150782
0.48333333333333334,0.050000000000000003,0.024161963097259813
0.48333333333333334,0.074999999999999997,0.03623413008636283
0.48333333333333334,0.10000000000000001,0.04829573112443869
0.48333333333333334,0.125,0.060343263397894635
0.48333333333333334,0.14999999999999999,0.072373240463589464
0.48333333333333334,0.17499999999999999,0.084382196265441828
0.48333333333333334,0.20000000000000001,0.096366689100842021
0.48333333333333334,0.22500000000000001,0.10832330552729708
0.48333333333333334,0.25,0.12024866419999015
0.48333333333333334,0.27500000000000002,0.13213941963122322
0.48333333333333334,0.29999999999999999,0.14399226586303726
0.48333333333333334,0.32500000000000001,0.15580394004466197
0.48333333333333334,0.34999999999999998,0.16757122590683637
0.48333333333333334,0.375,0.17929095712546245
0.48333333333333334,0.40000000000000002,0.19096002056749659
0.48333333333333334,0.42499999999999999,0.20257535941245616
0.48333333333333334,0.45000000000000001,0.21413397614340712
0.48333333333333334,0.47499999999999998,0.22563293540180748
0.48333333333333334,0.5,0.23706936670110551
0.48333333333333334,0.52500000000000002,0.2484404669945284
0.48333333333333334,0.55000000000000004,0.25974350309304101
0.48333333333333334,0.57499999999999996,0.2709758139300063
0.48333333333333334,0.59999999999999998,0.28213481266963414
0.48333333333333334,0.625,0.29321798865685972
0.48333333333333334,0.65000000000000002,0.30422290920684525
0.48333333333333334,0.67500000000000004,0.31514722123284516
0.48333333333333334,0.69999999999999996,0.32598865271171534
0.48333333333333334,0.72499999999999998,0.3367450139868749
0.48333333333333334,0.75,0.34741419890904285
0.48333333333333334,0.77500000000000002,0.35799418581557751
0.48333333333333334,0.80000000000000004,0.36848303834972457
0.48333333333333334,0.82499999999999996,0.37887890612154729
0.48333333333333334,0.84999999999999998,0.3891800252127563
0.48333333333333334,0.875,0.3993847185280755
0.48333333333333334,0.90000000000000002,0.40949139599618206
0.48333333333333334,0.92500000000000004,0.41949855462362773
0.48333333333333334,0.94999999999999996,0.42940477840549962
0.48333333333333334,0.97499999999999998,0.43920873809689814
0.48333333333333334,1,0.44890919084960429
0.48333333333333334,1.0249999999999999,0.45850497971857362
0.48333333333333334,1.05,0.46799503304313939
0.48333333333333334,1.075,0.47737836370800862
0.48333333333333334,1.1000000000000001,0.48665406828933244
0.48333333333333334,1.125,0.49582132609127449
0.48333333333333334,1.1499999999999999,0.5048793980786469
0.48333333333333334,1.175,0.51382762571127216
0.48333333333333334,1.2,0.52266542968582086
0.48333333333333334,1.2250000000000001,0.5313923085909219
0.48333333333333334,1.25,0.54000783748137204
0.48333333333333334,1.2749999999999999,0.54851166637728566
0.48333333333333334,1.3,0.55690351869399934
0.48333333333333334,1.325,0.56518318960852487
0.48333333333333334,1.3500000000000001,0.57335054436827926
0.48333333333333334,1.375,0.58140551654774908
0.48333333333333334,1.3999999999999999,0.58934810625866552
0.48333333333333334,1.425,0.59717837831914689
0.48333333333333334,1.45,0.60489646038715794
0.48333333333333334,1.4750000000000001,0.61250254106349666
0.48333333333333334,1.5,0.61999686796937403
0.5,0,0
0.5,0.025000000000000001,0.012499348999020865
0.5,0.050000000000000003,0.024994792968420686
0.5,0.074999999999999997,0.037482431757070472
0.5,0.10000000000000001,0.049958374957879977
0.5,0.125,0.062418746747512514
0.5,0.14999999999999999,0.074859690687499092
0.5,0.17499999999999999,0.087277374474157732
0.5,0.20000000000000001,0.099667994624955819
0.5,0.22500000000000001,0.11202778108923989
0.5,0.25,0.12435300177159619
0.5,0.27500000000000002,0.13663996695649619
0.5,0.29999999999999999,0.14888503362331798
0.5,0.32500000000000001,0.16108460964131921
0.5,0.34999999999999998,0.17323515783466012
0.5,0.375,0.18533319990813948
0.5,0.40000000000000002,0.19737532022490401
0.5,0.42499999999999999,0.20935816942801871
0.5,0.45000000000000001,0.22127846789844399
0.5,0.47499999999999998,0.23313300904263859
0.5,0.5,0.24491866240370913
0.5,0.52500000000000002,0.25663237659073251
0.5,0.55000000000000004,0.26827118202160138
0.5,0.57499999999999996,0.27983219347546828
0.5,0.59999999999999998,0.2913126124515909
0.5,0.625,0.30270972933210849
0.5,0.65000000000000002,0.31402092534699755
0.5,0.67500000000000004,0.32524367434016505
0.5,0.69999999999999996,0.33637554433633221
0.5,0.72499999999999998,0.34741419890904285
0.5,0.75,0.35835739835078595
0.5,0.77500000000000002,0.36920300064686151
0.5,0.80000000000000004,0.3799489622552249
0.5,0.82499999999999996,0.39059333869513074
0.5,0.84999999999999998,0.40113428494794584
0.5,0.875,0.41157005567402238
0.5,0.90000000000000002,0.4218990052500079
0.5,0.92500000000000004,0.43211958763141955
0.5,0.94999999999999996,0.44223035604572614
0.5,0.97499999999999998,0.45222996252155823
0.5,1,0.46211715726000974
0.5,1.0249999999999999,0.47189078785429683
0.5,1.05,0.48154979836430806
0.5,1.075,0.49109322825280527
0.5,1.1000000000000001,0.50052021119023526
0.5,1.125,0.50982997373525663
0.5,1.1499999999999999,0.5190218338982221
0.5,1.175,0.52809519959493201
0.5,1.2,0.5370495669980353
0.5,1.2250000000000001,0.5458845187934771
0.5,1.25,0.55459972234938226
0.5,1.2749999999999999,0.56319492780473102
0.5,1.3,0.57166996608511733
0.5,1.325,0.58002474685279493
0.5,1.3500000000000001,0.58825925639810539
0.5,1.375,0.59637355547924231
0.5,1.3999999999999999,0.60436777711716361
0.5,1.425,0.61224212435228031
0.5,1.45,0.61999686796937403
0.5,1.4750000000000001,0.62763234419698299
0.5,1.5,0.6351489523872873
0.51666666666666672,0,0
0.51666666666666672,0.025000000000000001,0.01291594837451778
0.51666666666666672,0.050000000000000003,0.025827588146295211
0.51666666666666672,0.074999999999999997,0.038730616459863892
0.51666666666666672,0.10000000000000001,0.05162074193801601
0.51666666666666672,0.125,0.064493690380305599
0.51666666666666672,0.14999999999999999,0.077345210413015966
0.51666666666666672,0.17499999999999999,0.090171079074781779
0.51666666666666672,0.20000000000000001,0.10296710732236511
0.51666666666666672,0.22500000000000001,0.11572914544146891
0.51666666666666672,0.25,0.1284530883479254
0.51666666666666672,0.27500000000000002,0.14113488076511971
0.51666666666666672,0.29999999999999999,0.15377052226409268
0.51666666666666672,0.32500000000000001,0.16635607215341369
0.51666666666666672,0.34999999999999998,0.17888765420661035
0.51666666666666672,0.375,0.19136146121569439
0.51666666666666672,0.40000000000000002,0.2037737593601131
0.51666666666666672,0.42499999999999999,0.2161208923812909
0.51666666666666672,0.45000000000000001,0.22839928555379033
0.51666666666666672,0.47499999999999998,0.24060544944501527
0.51666666666666672,0.5,0.25273598345629605
0.51666666666666672,0.52500000000000002,0.26478757913912571
0.51666666666666672,0.55000000000000004,0.27675702328126095
0.51666666666666672,0.57499999999999996,0.28864120075834465
0.51666666666666672,0.59999999999999998,0.30043709714765415
0.51666666666666672,0.625,0.31214180110151507
0.51666666666666672,0.65000000000000002,0.32375250647884918
0.51666666666666672,0.67500000000000004,0.33526651423423121
0.51666666666666672,0.69999999999999996,0.3466812340647184
0.51666666666666672,0.72499999999999998,0.35799418581557757
0.51666666666666672,0.75,0.36920300064686151
0.51666666666666672,0.77500000000000002,0.38030542196359024
0.51666666666666672,0.80000000000000004,0.39129930611304259
0.51666666666666672,0.82499999999999996,0.40218262285339068
0.51666666666666672,0.84999999999999998,0.41295345559857771
0.51666666666666672,0.875,0.42361000144497668
0.51666666666666672,0.90000000000000002,0.43415057098594517
0.51666666666666672,0.92500000000000004,0.44457358792093071
0.51666666666666672,0.94999999999999996,0.45487758846626347
0.51666666666666672,0.97499999999999998,0.4650612205752106
0.51666666666666672,1,0.47512324297524988
0.51666666666666672,1.0249999999999999,0.48506252403085948
0.51666666666666672,1.05,0.49487804044039996
0.51666666666666672,1.075,0.50456887577590492
0.51666666666666672,1.1000000000000001,0.51413421887478727
0.51666666666666672,1.125,0.52357336209260175
0.51666666666666672,1.1499999999999999,0.53288569942610975
0.51666666666666672,1.175,0.5420707245159393
0.51666666666666672,1.2,0.55112802853814691
0.51666666666666672,1.2250000000000001,0.56005729799396065
0.51666666666666672,1.25,0.56885831240691287
0.51666666666666672,1.2749999999999999,0.57753094193648091
0.51666666666666672,1.3,0.58607514491720913
0.51666666666666672,1.325,0.59449096533213086
0.51666666666666672,1.3500000000000001,0.60277853022911443
0.51666666666666672,1.375,0.61093804708854305
0.51666666666666672,1.3999999999999999,0.61896980115049649
0.51666666666666672,1.425,0.62687415270935121
0.51666666666666672,1.45,0.63465153438342592
0.51666666666666672,1.4750000000000001,0.64230244836702655
0.51666666666666672,1.5,0.64982746367192057
0.53333333333333333,0,0
0.53333333333333333,0.025000000000000001,0.013332543266059059
0.53333333333333333,0.050000000000000003,0.026660347476464809
0.53333333333333333,0.074999999999999997,0.03997868031116357
0.53333333333333333,0.10000000000000001,0.053282822900967933
0.53333333333333333,0.125,0.066568076502262569
0.53333333333333333,0.14999999999999999,0.079829769111131363
0.53333333333333333,0.17499999999999999,0.093063261997200122
0.53333333333333333,0.20000000000000001,0.10626395613790249
0.53333333333333333,0.22500000000000001,0.11942729853438588
0.53333333333333333,0.25,0.13254878839087839
0.53333333333333333,0.27500000000000002,0.14562398314002767
0.53333333333333333,0.29999999999999999,0.15864850429749891
0.53333333333333333,0.32500000000000001,0.17161804312996978
0.53333333333333333,0.34999999999999998,0.18452836612158288
0.53333333333333333,0.375,0.19737532022490401
0.53333333333333333,0.40000000000000002,0.210154837883475
0.53333333333333333,0.42499999999999999,0.22286294181414545
0.53333333333333333,0.45000000000000001,0.23549574953849794
0.53333333333333333,0.47499999999999998,0.24804947765384924
0.53333333333333333,0.5,0.26052044583550266
0.53333333333333333,0.52500000000000002,0.27290508056313273
0.53333333333333333,0.55000000000000004,0.28519991856540566
0.53333333333333333,0.57499999999999996,0.29740160997815379
0.53333333333333333,0.59999999999999998,0.30950692121263845
0.53333333333333333,0.625,0.32151273753163434
0.53333333333333333,0.65000000000000002,0.33341606533224621
0.53333333333333333,0.67500000000000004,0.34521403413552093
0.53333333333333333,0.69999999999999996,0.35690389828403624
0.53333333333333333,0.72499999999999998,0.36848303834972457
0.53333333333333333,0.75,0.3799489622552249
0.53333333333333333,0.77500000000000002,0.39129930611304259
0.53333333333333333,0.80000000000000004,0.40253183478772459
0.53333333333333333,0.82499999999999996,0.41364444218713509
0.53333333333333333,0.84999999999999998,0.42463515128973017
0.53333333333333333,0.875,0.43550211391547999
0.53333333333333333,0.90000000000000002,0.44624361024877968
0.53333333333333333,0.92500000000000004,0.45685804812230452
0.53333333333333333,0.94999999999999996,0.46734396207132695
0.53333333333333333,0.97499999999999998,0.47770001216849795
0.53333333333333333,1,0.48792498264951606
0.53333333333333333,1.0249999999999999,0.49801778034046579
0.53333333333333333,1.05,0.50797743289789621
0.53333333333333333,1.075,0.5178030868729363
0.53333333333333333,1.1000000000000001,0.52749400561091242
0.53333333333333333,1.125,0.5370495669980353
0.53333333333333333,1.1499999999999999,0.54646926106677585
0.53333333333333333,1.175,0.55575268747154449
0.53333333333333333,1.2,0.56489955284622495
0.53333333333333333,1.2250000000000001,0.57390966805502108
0.53333333333333333,1.25,0.5827829453479102
0.53333333333333333,1.2749999999999999,0.59151939543181642
0.53333333333333333,1.3,0.60011912446838211
0.53333333333333333,1.325,0.60858233100894865
0.53333333333333333,1.3500000000000001,0.61690930287706514
0.53333333333333333,1.375,0.62510041400851757
0.53333333333333333,1.3999999999999999,0.63315612125852094
0.53333333333333333,1.425,0.64107696118534641
0.53333333333333333,1.45,0.64886354681926706
0.53333333333333333,1.4750000000000001,0.65651656442530604
0.53333333333333333,1.5,0.66403677026784913
0.55000000000000004,0,0
0.55000000000000004,0.025000000000000001,0.013749133529068473
0.55000000000000004,0.050000000000000003,0.027493069804709863
0.55000000000000004,0.074999999999999997,0.041226619428897278
0.55000000000000004,0.10000000000000001,0.054944608689187428
0.55000000000000004,0.125,0.068641887338609209
0.55000000000000004,0.14999999999999999,0.082313336300456133
0.55000000000000004,0.17499999999999999,0.09595387527359274
0.55000000000000004,0.20000000000000001,0.10955847021442955
0.55000000000000004,0.22500000000000001,0.12312214067239108
0.55000000000000004,0.25,0.13663996695649619
0.55000000000000004,0.27500000000000002,0.15010709711157594
0.55000000000000004,0.29999999999999999,0.1635187536836725
0.55000000000000004,0.32500000000000001,0.17687024025527645
0.55000000000000004,0.34999999999999998,0.19015694773226804
0.55000000000000004,0.375,0.20337436036571357
0.55000000000000004,0.40000000000000002,0.21651806149302888
0.55000000000000004,0.42499999999999999,0.22958373898443904
0.55000000000000004,0.45000000000000001,0.2425671903821357
0.55000000000000004,0.47499999999999998,0.25546432772103767
0.55000000000000004,0.5,0.26827118202160138
0.55000000000000004,0.52500000000000002,0.28098390744667723
0.55000000000000004,0.55000000000000004,0.29359878511597137
0.55000000000000004,0.57499999999999996,0.30611222657322551
0.55000000000000004,0.59999999999999998,0.31852077690277086
0.55000000000000004,0.625,0.33082111749362803
0.55000000000000004,0.65000000000000002,0.34301006845081172
0.55000000000000004,0.67500000000000004,0.35508459065493858
0.55000000000000004,0.69999999999999996,0.36704178747263133
0.55000000000000004,0.72499999999999998,0.37887890612154729
0.55000000000000004,0.75,0.39059333869513074
0.55000000000000004,0.77500000000000002,0.40218262285339068
0.55000000000000004,0.80000000000000004,0.4136444421871352
0.55000000000000004,0.82499999999999996,0.4249766262641404
0.55000000000000004,0.84999999999999998,0.43617715036669963
0.55000000000000004,0.875,0.44724413493088039
0.55000000000000004,0.90000000000000002,0.458175844698613
0.55000000000000004,0.92500000000000004,0.46897068759443972
0.55000000000000004,0.94999999999999996,0.47962721333937575
0.55000000000000004,0.97499999999999998,0.49014411181486217
0.55000000000000004,1,0.50052021119023526
0.55000000000000004,1.0249999999999999,0.51075447582749967
0.55000000000000004,1.05,0.52084600397746217
0.55000000000000004,1.075,0.53079402528148045
0.55000000000000004,1.1000000000000001,0.54059789809320391
0.55000000000000004,1.125,0.55025710663471306
0.55000000000000004,1.1499999999999999,0.55977125800145167
0.55000000000000004,1.175,0.56914007903024022
0.55000000000000004,1.2,0.57836341304450589
0.55000000000000004,1.2250000000000001,0.58744121649065584
0.55000000000000004,1.25,0.59637355547924231
0.55000000000000004,1.2749999999999999,0.60516060224426227
0.55000000000000004,1.3,0.61380263153356707
0.55000000000000004,1.325,0.62230001694296622
0.55000000000000004,1.3500000000000001,0.6306532272061659
0.55000000000000004,1.375,0.63886282245223192
0.55000000000000004,1.3999999999999999,0.64692945044176664
0.55000000000000004,1.425,0.65485384279248682
0.55000000000000004,1.45,0.66263681120436102
0.55000000000000004,1.4750000000000001,0.67027924369392233
0.55000000000000004,1.5,0.67778210084682955
0.56666666666666665,0,0
0.56666666666666665,0.025000000000000001,0.014165719018976213
0.56666666666666665,0.050000000000000003,0.028325753977016102
0.56666666666666665,0.074999999999999997,0.042474429932548179
0.56666666666666665,0.10000000000000001,0.056606090151657608
0.56666666666666665,0.125,0.070715105134413495
0.56666666666666665,0.14999999999999999,0.084795881548701962
0.56666666666666665,0.17499999999999999,0.098842871041573035
0.56666666666666665,0.20000000000000001,0.11285057889882022
0.56666666666666665,0.22500000000000001,0.1268135725243873
0.56666666666666665,0.25,0.1407264897122309
0.56666666666666665,0.27500000000000002,0.15458404668444989
0.56666666666666665,0.29999999999999999,0.16838104587081468
0.56666666666666665,0.32500000000000001,0.18211238340627933
0.56666666666666665,0.34999999999999998,0.1957730563246205
0.56666666666666665,0.375,0.20935816942801871
0.56666666666666665,0.40000000000000002,0.22286294181414545
0.56666666666666665,0.42499999999999999,0.23628271304415435
0.56666666666666665,0.45000000000000001,0.24961294893685859
0.56666666666666665,0.47499999999999998,0.26284924697631112
0.56666666666666665,0.5,0.27598734132196767
0.56666666666666665,0.52500000000000002,0.28902310741258919
0.56666666666666665,0.55000000000000004,0.30195256615702154
0.56666666666666665,0.57499999999999996,0.31477188770695452
0.56666666666666665,0.59999999999999998,0.3274773948087053
0.56666666666666665,0.625,0.34006556573296864
0.56666666666666665,0.65000000000000002,0.35253303678333081
0.56666666666666665,0.67500000000000004,0.36487660438612951
0.56666666666666665,0.69999999999999996,0.37709322676595902
0.56666666666666665,0.72499999999999998,0.3891800252127563
0.56666666666666665,0.75,0.40113428494794584
0.56666666666666665,0.77500000000000002,0.41295345559857766
0.56666666666666665,0.80000000000000004,0.42463515128973017
0.56666666666666665,0.82499999999999996,0.43617715036669957
0.56666666666666665,0.84999999999999998,0.4475773947596221
0.56666666666666665,0.875,0.45883398900419103
0.56666666666666665,0.90000000000000002,0.46994519893303754
0.56666666666666665,0.92500000000000004,0.48090945005312397
0.56666666666666665,0.94999999999999996,0.49172532562517407
0.56666666666666665,0.97499999999999998,0.50239156446172273
0.56666666666666665,1,0.51290705846080853
0.56666666666666665,1.0249999999999999,0.52327084989267636
0.56666666666666665,1.05,0.53348212845708554
0.56666666666666665,1.075,0.54354022812895209
0.56666666666666665,1.1000000000000001,0.55344462381008597
0.56666666666666665,1.125,0.56319492780473102
0.56666666666666665,1.1499999999999999,0.57279088613647589
0.56666666666666665,1.175,0.58223237472387257
0.56666666666666665,1.2,0.59151939543181642
0.56666666666666665,1.2250000000000001,0.60065207201537474
0.56666666666666665,1.25,0.60963064597231953
0.56666666666666665,1.2749999999999999,0.61845547232015607
0.56666666666666665,1.3,0.62712701531289883
0.56666666666666665,1.325,0.63564584411228509
0.56666666666666665,1.3500000000000001,0.64401262842750706
0.56666666666666665,1.375,0.65222813413691061
0.56666666666666665,1.3999999999999999,0.66029321890444526
0.56666666666666665,1.425,0.66820882780297286
0.56666666666666665,1.45,0.67597598895584954
0.56666666666666665,1.4750000000000001,0.68359580920749163
0.56666666666666665,1.5,0.69106946983293049
0.58333333333333337,0,0
0.58333333333333337,0.025000000000000001,0.0145822995912191
0.58333333333333337,0.050000000000000003,0.029158398839581004
0.58333333333333337,0.074999999999999997,0.043722107943203026
0.58333333333333337,0.10000000000000001,0.058267258144093725
0.58333333333333337,0.125,0.072787712155189421
0.58333333333333337,0.14999999999999999,0.087277374474157746
0.58333333333333337,0.17499999999999999,0.1017302015473126
0.58333333333333337,0.20000000000000001,0.11614021174790659
0.58333333333333337,0.22500000000000001,0.13050149513419976
0.58333333333333337,0.25,0.14480822295404272
0.58333333333333337,0.27500000000000002,0.15905465686423928
0.58333333333333337,0.29999999999999999,0.17323515783466012
0.58333333333333337,0.32500000000000001,0.18734419470894501
0.58333333333333337,0.34999999999999998,0.20137635239564355
0.58333333333333337,0.375,0.21532633966578324
0.58333333333333337,0.40000000000000002,0.22918899653509905
0.58333333333333337,0.42499999999999999,0.24295930121149739
0.58333333333333337,0.45000000000000001,0.25663237659073251
0.58333333333333337,0.47499999999999998,0.27020349628572748
0.58333333333333337,0.5,0.28366809017746208
0.58333333333333337,0.52500000000000002,0.29702174947784199
0.58333333333333337,0.55000000000000004,0.31026023129745817
0.58333333333333337,0.57499999999999996,0.32337946271360279
0.58333333333333337,0.59999999999999998,0.33637554433633221
0.58333333333333337,0.625,0.34924475337272171
0.58333333333333337,0.65000000000000002,0.36198354619174561
0.58333333333333337,0.67500000000000004,0.3745885603944083
0.58333333333333337,0.69999999999999996,0.3870566163958421
0.58333333333333337,0.72499999999999998,0.3993847185280755
0.58333333333333337,0.75,0.41157005567402238
0.58333333333333337,0.77500000000000002,0.42361000144497668
0.58333333333333337,0.80000000000000004,0.43550211391548005
0.58333333333333337,0.82499999999999996,0.44724413493088039
0.58333333333333337,0.84999999999999998,0.45883398900419103
0.58333333333333337,0.875,0.47026978182001655
0.58333333333333337,0.90000000000000002,0.48154979836430806
0.58333333333333337,0.92500000000000004,0.49267250069956248
0.58333333333333337,0.94999999999999996,0.50363652540578352
0.58333333333333337,0.97499999999999998,0.51444068070807991
0.58333333333333337,1,0.52508394331219499
0.58333333333333337,1.0249999999999999,0.53556545496954255
0.58333333333333337,1.05,0.5458845187934771
0.58333333333333337,1.075,0.55604059534854633
0.58333333333333337,1.1000000000000001,0.56603329853439721
0.58333333333333337,1.125,0.57586239128578931
0.58333333333333337,1.1499999999999999,0.58552778110988635
0.58333333333333337,1.175,0.59502951548158345
0.58333333333333337,1.2,0.60436777711716361
0.58333333333333337,1.2250000000000001,0.6135428791460068
0.58333333333333337,1.25,0.62255526019945762
0.58333333333333337,1.2749999999999999,0.63140547943526593
0.58333333333333337,1.3,0.64009421151528401
0.58333333333333337,1.325,0.64862224155331494
0.58333333333333337,1.3500000000000001,0.65699046004919837
0.58333333333333337,1.375,0.66519985782436608
0.58333333333333337,1.3999999999999999,0.67325152097324115
0.58333333333333337,1.425,0.68114662584396646
0.58333333333333337,1.45,0.6888864340610652
0.58333333333333337,1.4750000000000001,0.69647228760173807
0.58333333333333337,1.5,0.70390560393662116
0.59999999999999998,0,0
0.59999999999999998,0.025000000000000001,0.014998875101240778
0.59999999999999998,0.050000000000000003,0.029991003238820143
0.59999999999999998,0.074999999999999997,0.044969649583600245
0.59999999999999998,0.10000000000000001,0.059928103529143503
0.59999999999999998,0.125,0.074859690687499092
0.59999999999999998,0.14999999999999999,0.089757784747160105
0.59999999999999998,0.17499999999999999,0.10461581914865054
0.59999999999999998,0.20000000000000001,0.11942729853438588
0.59999999999999998,0.22500000000000001,0.13418580993090867
0.59999999999999998,0.25,0.14888503362331798
0.59999999999999998,0.27500000000000002,0.1635187536836725
0.59999999999999998,0.29999999999999999,0.17808086811733018
0.59999999999999998,0.32500000000000001,0.19256539859357569
0.59999999999999998,0.34999999999999998,0.20696649972945258
0.59999999999999998,0.375,0.22127846789844396
0.59999999999999998,0.40000000000000002,0.23549574953849794
0.59999999999999998,0.42499999999999999,0.24961294893685859
0.59999999999999998,0.45000000000000001,0.26362483547220328
0.59999999999999998,0.47499999999999998,0.2775263502976838
0.59999999999999998,0.5,0.2913126124515909
0.59999999999999998,0.52500000000000002,0.3049789243854889
0.59999999999999998,0.55000000000000004,0.31852077690277086
0.59999999999999998,0.57499999999999996,0.33193385350364046
0.59999999999999998,0.59999999999999998,0.34521403413552093
0.59999999999999998,0.625,0.35835739835078595
0.59999999999999998,0.65000000000000002,0.37136022787650769
0.59999999999999998,0.67500000000000004,0.38421900860357633
0.59999999999999998,0.69999999999999996,0.39693043200507755
0.59999999999999998,0.72499999999999998,0.40949139599618206
0.59999999999999998,0.75,0.4218990052500079
0.59999999999999998,0.77500000000000002,0.43415057098594501
0.59999999999999998,0.80000000000000004,0.44624361024877968
0.59999999999999998,0.82499999999999996,0.458175844698613
0.59999999999999998,0.84999999999999998,0.46994519893303754
0.59999999999999998,0.875,0.48154979836430806
0.59999999999999998,0.90000000000000002,0.49298796667532435
0.59999999999999998,0.92500000000000004,0.50425822287914035
0.59999999999999998,0.94999999999999996,0.51535927800740966
0.59999999999999998,0.97499999999999998,0.52629003145371078
0.59999999999999998,1,0.5370495669980353
0.59999999999999998,1.0249999999999999,0.54763714853890755
0.59999999999999998,1.05,0.55805221555962425
0.59999999999999998,1.075,0.56829437835497076
0.59999999999999998,1.1000000000000001,0.57836341304450589
0.59999999999999998,1.125,0.58825925639810517
0.59999999999999998,1.1499999999999999,0.59798200049894124
0.59999999999999998,1.175,0.60753188726844165
0.59999999999999998,1.2,0.61690930287706502
0.59999999999999998,1.2250000000000001,0.62611477206390731
0.59999999999999998,1.25,0.6351489523872873
0.59999999999999998,1.2749999999999999,0.64401262842750706
0.59999999999999998,1.3,0.65270670596198999
0.59999999999999998,1.325,0.66123220613196265
0.59999999999999998,1.3500000000000001,0.66959025961877072
0.59999999999999998,1.375,0.67778210084682955
0.59999999999999998,1.3999999999999999,0.68580906222909466
0.59999999999999998,1.425,0.69367256846982772
0.59999999999999998,1.45,0.70137413093831258
0.59999999999999998,1.4750000000000001,0.70891534212606944
0.59999999999999998,1.5,0.71629787019902447
0.6166666666666667,0,0
0.6166666666666667,0.025000000000000001,0.015415445404491935
0.6166666666666667,0.050000000000000003,0.030823566021373643
0.6166666666666667,0.074999999999999997,0.046217050978177993
0.6166666666666667,0.10000000000000001,0.061588617176587201
0.6166666666666667,0.125,0.076931023039553598
0.6166666666666667,0.14999999999999999,0.092237082091559272
0.6166666666666667,0.17499999999999999,0.1074996763181869
0.6166666666666667,0.20000000000000001,0.12271176925268781
0.6166666666666667,0.22500000000000001,0.13786641873909314
0.6166666666666667,0.25,0.15295678932360524
0.6166666666666667,0.27500000000000002,0.16797616422850128
0.6166666666666667,0.29999999999999999,0.18291795686556012
0.6166666666666667,0.32500000000000001,0.19777572184905234
0.6166666666666667,0.34999999999999998,0.21254316547158728
0.6166666666666667,0.375,0.22721415560955657
0.6166666666666667,0.40000000000000002,0.24178273102851389
0.6166666666666667,0.42499999999999999,0.25624311006255956
0.6166666666666667,0.45000000000000001,0.27058969864561411
0.6166666666666667,0.47499999999999998,0.28481709767633606
0.6166666666666667,0.5,0.29892010970233523
0.6166666666666667,0.52500000000000002,0.31289374491321181
0.6166666666666667,0.55000000000000004,0.32673322643579211
0.6166666666666667,0.57499999999999996,0.34043399492869741
0.6166666666666667,0.59999999999999998,0.35399171247704597
0.6166666666666667,0.625,0.36740226579162122
0.6166666666666667,0.65000000000000002,0.38066176872022717
0.6166666666666667,0.67500000000000004,0.39376656408215821
0.6166666666666667,0.69999999999999996,0.40671322483972971
0.6166666666666667,0.72499999999999998,0.41949855462362773
0.6166666666666667,0.75,0.43211958763141955
0.6166666666666667,0.77500000000000002,0.44457358792093071
0.6166666666666667,0.80000000000000004,0.45685804812230452
0.6166666666666667,0.82499999999999996,0.46897068759443972
0.6166666666666667,0.84999999999999998,0.48090945005312397
0.6166666666666667,0.875,0.49267250069956248
0.6166666666666667,0.90000000000000002,0.50425822287914035
0.6166666666666667,0.92500000000000004,0.51566521430114864
0.6166666666666667,0.94999999999999996,0.52689228285087231
0.6166666666666667,0.97499999999999998,0.53793844202587771
0.6166666666666667,1,0.54880290602855719
0.6166666666666667,1.0249999999999999,0.55948508454701684
0.6166666666666667,1.05,0.56998457725621521
0.6166666666666667,1.075,0.5803011680709198
0.6166666666666667,1.1000000000000001,0.59043481918152718
0.6166666666666667,1.125,0.60038566490313883
0.6166666666666667,1.1499999999999999,0.61015400536747588
0.6166666666666667,1.175,0.61974030008630832
0.6166666666666667,1.2,0.62914516141403554
0.6166666666666667,1.2250000000000001,0.63836934793595324
0.6166666666666667,1.25,0.64741375780753607
0.6166666666666667,1.2749999999999999,0.65627942206881273
0.6166666666666667,1.3,0.66496749795660393
0.6166666666666667,1.325,0.67347926223604337
0.6166666666666667,1.3500000000000001,0.68181610457143615
0.6166666666666667,1.375,0.68997952095511972
0.6166666666666667,1.3999999999999999,0.69797110721159994
0.6166666666666667,1.425,0.70579255259285689
0.6166666666666667,1.45,0.71344563347933365
0.6166666666666667,1.4750000000000001,0.72093220719978268
0.6166666666666667,1.5,0.72825420598181145
0.6333333333333333,0,0
0.6333333333333333,0.025000000000000001,0.015832010356430459
0.6333333333333333,0.050000000000000003,0.031656086034112477
0.6333333333333333,0.074999999999999997,0.047464308253122166
0.6333333333333333,0.10000000000000001,0.063248789963537208
0.6333333333333333,0.125,0.079001691541811955
0.6333333333333333,0.14999999999999999,0.094715236286178534
0.6333333333333333,0.17499999999999999,0.11038172564635992
0.6333333333333333,0.20000000000000001,0.12599355412480107
0.6333333333333333,0.22500000000000001,0.14154322378898346
0.6333333333333333,0.25,0.15702335833716335
0.6333333333333333,0.27500000000000002,0.17242671666302931
0.6333333333333333,0.29999999999999999,0.18774620586828539
0.6333333333333333,0.32500000000000001,0.20297489367598573
0.6333333333333333,0.34999999999999998,0.2181060202015403
0.6333333333333333,0.375,0.23313300904263859
0.6333333333333333,0.40000000000000002,0.2480494776538493
0.6333333333333333,0.42499999999999999,0.26284924697631112
0.6333333333333333,0.45000000000000001,0.2775263502976838
0.6333333333333333,0.47499999999999998,0.29207504132233647
0.6333333333333333,0.5,0.30648980143656684
0.6333333333333333,0.52500000000000002,0.32076534615843222
0.6333333333333333,0.55000000000000004,0.33489663076648052
0.6333333333333333,0.57499999999999996,0.34887885510627481
0.6333333333333333,0.59999999999999998,0.36270746757805111
0.6333333333333333,0.625,0.37637816831312643
0.6333333333333333,0.65000000000000002,0.38988691155073574
0.6333333333333333,0.67500000000000004,0.40322990723080138
0.6333333333333333,0.69999999999999996,0.41640362182171498
0.6333333333333333,0.72499999999999998,0.42940477840549962
0.6333333333333333,0.75,0.44223035604572614
0.6333333333333333,0.77500000000000002,0.45487758846626347
0.6333333333333333,0.80000000000000004,0.46734396207132695
0.6333333333333333,0.82499999999999996,0.47962721333937575
0.6333333333333333,0.84999999999999998,0.49172532562517407
0.6333333333333333,0.875,0.50363652540578352
0.6333333333333333,0.90000000000000002,0.51535927800740966
0.6333333333333333,0.92500000000000004,0.52689228285087231
0.6333333333333333,0.94999999999999996,0.5382344682540392
0.6333333333333333,0.97499999999999998,0.54938498582985662
0.6333333333333333,1,0.56034320451863495
0.6333333333333333,1.0249999999999999,0.57110870429305072
0.6333333333333333,1.05,0.58168126957387345
0.6333333333333333,1.075,0.59206088239379528
0.6333333333333333,1.1000000000000001,0.60224771534589661
0.6333333333333333,1.125,0.6122421243522802
0.6333333333333333,1.1499999999999999,0.6220446412872499
0.6333333333333333,1.175,0.63165596648812072
0.6333333333333333,1.2,0.64107696118534641
0.6333333333333333,1.2250000000000001,0.65030863988215482
0.6333333333333333,1.25,0.65935216271230834
0.6333333333333333,1.2749999999999999,0.66820882780297286
0.6333333333333333,1.3,0.67688006366800613
0.6333333333333333,1.325,0.68536742165526598
0.6333333333333333,1.3500000000000001,0.69367256846982772
0.6333333333333333,1.375,0.70179727879327125
0.6333333333333333,1.3999999999999999,0.70974342801749868
0.6333333333333333,1.425,0.71751298510985018
0.6333333333333333,1.45,0.7251080056246304
0.6333333333333333,1.4750000000000001,0.73253062487454934
0.6333333333333333,1.5,0.73978305127400423
0.65000000000000002,0,0
0.65000000000000002,0.025000000000000001,0.016248569812521697
0.65000000000000002,0.050000000000000003,0.032488562124144908
0.65000000000000002,0.074999999999999997,0.048711417536414413
0.65000000000000002,0.10000000000000001,0.064908612774637511
0.65000000000000002,0.125,0.081071678547578713
0.65000000000000002,0.14999999999999999,0.097192217166268663
0.65000000000000002,0.17499999999999999,0.11326191984450672
0.65000000000000002,0.20000000000000001,0.12927258360605834
0.65000000000000002,0.22500000000000001,0.14521612772652032
0.65000000000000002,0.25,0.16108460964131921
0.65000000000000002,0.27500000000000002,0.17687024025527645
0.65000000000000002,0.29999999999999999,0.19256539859357569
0.65000000000000002,0.32500000000000001,0.2081626457387562
0.65000000000000002,0.34999999999999998,0.22365473800347421
0.65000000000000002,0.375,0.2390346392941694
0.65000000000000002,0.40000000000000002,0.25429553262639115
0.65000000000000002,0.42499999999999999,0.26943083075831692
0.65000000000000002,0.45000000000000001,0.2844341859148754
0.65000000000000002,0.47499999999999998,0.2992994985808175
0.65000000000000002,0.5,0.31402092534699755
0.65000000000000002,0.52500000000000002,0.32859288579997753
0.65000000000000002,0.55000000000000004,0.34301006845081172
0.65000000000000002,0.57499999999999996,0.3572674357044428
0.65000000000000002,0.59999999999999998,0.37136022787650769
0.65000000000000002,0.625,0.38528396626947237
0.65000000000000002,0.65000000000000002,0.39903445532485493
0.65000000000000002,0.67500000000000004,0.41260778387281394
0.65000000000000002,0.69999999999999996,0.42600032550456335
0.65000000000000002,0.72499999999999998,0.43920873809689814
0.65000000000000002,0.75,0.45222996252155834
0.65000000000000002,0.77500000000000002,0.4650612205752106
0.65000000000000002,0.80000000000000004,0.47770001216849795
0.65000000000000002,0.82499999999999996,0.49014411181486217
0.65000000000000002,0.84999999999999998,0.50239156446172273
0.65000000000000002,0.875,0.51444068070807991
0.65000000000000002,0.90000000000000002,0.52629003145371078
0.65000000000000002,0.92500000000000004,0.53793844202587771
0.65000000000000002,0.94999999999999996,0.54938498582985662
0.65000000000000002,0.97499999999999998,0.56062897756966501
0.65000000000000002,1,0.57166996608511733
0.65000000000000002,1.0249999999999999,0.58250772685081287
0.65000000000000002,1.05,0.59314225418186539
0.65000000000000002,1.075,0.60357375319014483
0.65000000000000002,1.1000000000000001,0.61380263153356707
0.65000000000000002,1.125,0.62382949099951679
0.65000000000000002,1.1499999999999999,0.63365511896189763
0.65000000000000002,1.175,0.64328047974955893
0.65000000000000002,1.2,0.65270670596198999
0.65000000000000002,1.2250000000000001,0.66193508976622462
0.65000000000000002,1.25,0.67096707420687374
0.65000000000000002,1.2749999999999999,0.6798042445591328
0.65000000000000002,1.3,0.6884483197525052
0.65000000000000002,1.325,0.69690114389086744
0.65000000000000002,1.3500000000000001,0.70516467789238491
0.65000000000000002,1.375,0.7132409912706934
0.65000000000000002,1.3999999999999999,0.7211322540766999
0.65000000000000002,1.425,0.72884072901833274
0.65000000000000002,1.45,0.73636876377360971
0.65000000000000002,1.4750000000000001,0.7437187835104927
0.65000000000000002,1.5,0.75089328362516705
0.66666666666666663,0,0
0.66666666666666663,0.025000000000000001,0.016665123628238611
0.66666666666666663,0.050000000000000003,0.033320993138822863
0.66666666666666663,0.074999999999999997,0.04995837495787997
0.66666666666666663,0.10000000000000001,0.066568076502262569
0.66666666666666663,0.125,0.083140966433599764
0.66666666666666663,0.14999999999999999,0.099667994624955805
0.66666666666666663,0.17499999999999999,0.11614021174790658
0.66666666666666663,0.20000000000000001,0.13254878839087839
0.66666666666666663,0.22500000000000001,0.14888503362331798
0.66666666666666663,0.25,0.16514041292462936
0.66666666666666663,0.27500000000000002,0.18130656540177167
0.66666666666666663,0.29999999999999999,0.19737532022490398
0.66666666666666663,0.32500000000000001,0.21333871221642287
0.66666666666666663,0.34999999999999998,0.22918899653509897
0.66666666666666663,0.375,0.24491866240370913
0.66666666666666663,0.40000000000000002,0.26052044583550266
0.66666666666666663,0.42499999999999999,0.27598734132196767
0.66666666666666663,0.45000000000000001,0.2913126124515909
0.66666666666666663,0.47499999999999998,0.30648980143656684
0.66666666666666663,0.5,0.32151273753163434
0.66666666666666663,0.52500000000000002,0.33637554433633221
0.66666666666666663,0.55000000000000004,0.35107264597890853
0.66666666666666663,0.57499999999999996,0.36559877218682496
0.66666666666666663,0.59999999999999998,0.3799489622552249
0.66666666666666663,0.625,0.39411856793081446
0.66666666666666663,0.65000000000000002,0.40810325523432495
0.66666666666666663,0.67500000000000004,0.4218990052500079
0.66666666666666663,0.69999999999999996,0.43550211391547999
0.66666666666666663,0.72499999999999998,0.44890919084960429
0.66666666666666663,0.75,0.46211715726000974
0.66666666666666663,0.77500000000000002,0.47512324297524988
0.66666666666666663,0.80000000000000004,0.48792498264951606
0.66666666666666663,0.82499999999999996,0.50052021119023515
0.66666666666666663,0.84999999999999998,0.51290705846080853
0.66666666666666663,0.875,0.52508394331219488
0.66666666666666663,0.90000000000000002,0.5370495669980353
0.66666666666666663,0.92500000000000004,0.54880290602855719
0.66666666666666663,0.94999999999999996,0.56034320451863495
0.66666666666666663,0.97499999999999998,0.57166996608511722
0.66666666666666663,1,0.5827829453479102
0.66666666666666663,1.0249999999999999,0.59368213908835321
0.66666666666666663,1.05,0.60436777711716361
0.66666666666666663,1.075,0.61484031290269681
0.66666666666666663,1.1000000000000001,0.62510041400851757
0.66666666666666663,1.125,0.6351489523872873
0.66666666666666663,1.1499999999999999,0.64498699457585229
0.66666666666666663,1.175,0.65461579183411089
0.66666666666666663,1.2,0.66403677026784891
0.66666666666666663,1.2250000000000001,0.67325152097324115
0.66666666666666663,1.25,0.68226179023816957
0.66666666666666663,1.2749999999999999,0.69106946983293049
0.66666666666666663,1.3,0.69967658742030525
0.66666666666666663,1.325,0.70808529711239088
0.66666666666666663,1.3500000000000001,0.71629787019902447
0.66666666666666663,1.375,0.72431668607012856
0.66666666666666663,1.3999999999999999,0.7321442233518527
0.66666666666666663,1.425,0.73978305127400423
0.66666666666666663,1.45,0.74723582128397426
0.66666666666666663,1.4750000000000001,0.75450525892015663
0.66666666666666663,1.5,0.76159415595576485
0.68333333333333335,0,0
0.68333333333333335,0.025000000000000001,0.017081671659062003
0.68333333333333335,0.050000000000000003,0.034153377925748275
0.68333333333333335,0.074999999999999997,0.051205176649235622
0.68333333333333335,0.10000000000000001,0.068227172046716064
0.68333333333333335,0.125,0.085209537600656388
0.68333333333333335,0.14999999999999999,0.10214253861468392
0.68333333333333335,0.17499999999999999,0.11901655431880713
0.68333333333333335,0.20000000000000001,0.13582209941846449
0.68333333333333335,0.22500000000000001,0.15254984498653062
0.68333333333333335,0.25,0.16919063860284275
0.68333333333333335,0.27500000000000002,0.1857355236519673
0.68333333333333335,0.29999999999999999,0.20217575769673954
0.68333333333333335,0.32500000000000001,0.21850282985248434
0.68333333333333335,0.34999999999999998,0.23470847709468395
0.68333333333333335,0.375,0.25078469944110221
0.68333333333333335,0.40000000000000002,0.26672377395790797
0.68333333333333335,0.42499999999999999,0.28251826754807241
0.68333333333333335,0.45000000000000001,0.2981610484891466
0.68333333333333335,0.47499999999999998,0.31364529669636004
0.68333333333333335,0.5,0.32896451269574106
0.68333333333333335,0.52500000000000002,0.34411252530054282
0.68333333333333335,0.55000000000000004,0.35908349799259787
0.68333333333333335,0.57499999999999996,0.37387193401824043
0.68333333333333335,0.59999999999999998,0.38847268021606096
0.68333333333333335,0.625,0.4028809296009418
0.68333333333333335,0.65000000000000002,0.41709222273549945
0.68333333333333335,0.67500000000000004,0.43110244792621077
0.68333333333333335,0.69999999999999996,0.44490784028706631
0.68333333333333335,0.72499999999999998,0.45850497971857362
0.68333333333333335,0.75,0.47189078785429683
0.68333333333333335,0.77500000000000002,0.48506252403085964
0.68333333333333335,0.80000000000000004,0.49801778034046579
0.68333333333333335,0.82499999999999996,0.51075447582749967
0.68333333333333335,0.84999999999999998,0.52327084989267636
0.68333333333333335,0.875,0.53556545496954255
0.68333333333333335,0.90000000000000002,0.54763714853890766
0.68333333333333335,0.92500000000000004,0.55948508454701684
0.68333333333333335,0.94999999999999996,0.57110870429305072
0.68333333333333335,0.97499999999999998,0.58250772685081287
0.68333333333333335,1,0.59368213908835332
0.68333333333333335,1.0249999999999999,0.60463218534776531
0.68333333333333335,1.05,0.61535835684555418
0.68333333333333335,1.075,0.62586138085182774
0.68333333333333335,1.1000000000000001,0.63614220970416646
0.68333333333333335,1.125,0.64620200970941144
0.68333333333333335,1.1499999999999999,0.65604214998381216
0.68333333333333335,1.175,0.6656641912790503
0.68333333333333335,1.2,0.67506987483860781
0.68333333333333335,1.2250000000000001,0.68426111132584766
0.68333333333333335,1.25,0.6932399698620163
0.68333333333333335,1.2749999999999999,0.70200866720923105
0.68333333333333335,1.3,0.7105695571303603
0.68333333333333335,1.325,0.7189251199546085
0.68333333333333335,1.3500000000000001,0.72707795237457229
0.68333333333333335,1.375,0.73503075749757196
0.68333333333333335,1.3999999999999999,0.74278633517119086
0.68333333333333335,1.425,0.75034757260020413
0.68333333333333335,1.45,0.7577174352694287
0.68333333333333335,1.4750000000000001,0.7648989581845278
0.68333333333333335,1.5,0.77189523744041821
0.69999999999999996,0,0
0.69999999999999996,0.025000000000000001,0.017498213760480687
0.69999999999999996,0.050000000000000003,0.034985715332779443
0.69999999999999996,0.074999999999999997,0.052451818744137471
0.69999999999999996,0.10000000000000001,0.069885890316428986
0.69999999999999996,0.125,0.087277374474157732
0.69999999999999996,0.14999999999999999,0.10461581914865054
0.69999999999999996,0.17499999999999999,0.12189090064943239
0.69999999999999996,0.20000000000000001,0.13909244787845801
0.69999999999999996,0.22500000000000001,0.15621046576861825
0.69999999999999996,0.25,0.17323515783466012
0.69999999999999996,0.27500000000000002,0.19015694773226804
0.69999999999999996,0.29999999999999999,0.20696649972945258
0.69999999999999996,0.32500000000000001,0.22365473800347421
0.69999999999999996,0.34999999999999998,0.24021286468618022
0.69999999999999996,0.375,0.25663237659073246
0.69999999999999996,0.40000000000000002,0.27290508056313262
0.69999999999999996,0.42499999999999999,0.28902310741258919
0.69999999999999996,0.45000000000000001,0.3049789243854889
0.69999999999999996,0.47499999999999998,0.32076534615843211
0.69999999999999996,0.5,0.33637554433633221
0.69999999999999996,0.52500000000000002,0.3518030554518814
0.69999999999999996,0.55000000000000004,0.36704178747263133
0.69999999999999996,0.57499999999999996,0.38208602483144566
0.69999999999999996,0.59999999999999998,0.39693043200507755
0.69999999999999996,0.625,0.41157005567402238
0.69999999999999996,0.65000000000000002,0.42600032550456335
0.69999999999999996,0.67500000000000004,0.44021705360098295
0.69999999999999996,0.69999999999999996,0.45421643268225909
0.69999999999999996,0.72499999999999998,0.46799503304313933
0.69999999999999996,0.75,0.48154979836430789
0.69999999999999996,0.77500000000000002,0.49487804044039979
0.69999999999999996,0.80000000000000004,0.50797743289789599
0.69999999999999996,0.82499999999999996,0.52084600397746195
0.69999999999999996,0.84999999999999998,0.53348212845708554
0.69999999999999996,0.875,0.54588451879347699
0.69999999999999996,0.90000000000000002,0.55805221555962425
0.69999999999999996,0.92500000000000004,0.56998457725621521
0.69999999999999996,0.94999999999999996,0.58168126957387323
0.69999999999999996,0.97499999999999998,0.59314225418186539
0.69999999999999996,1,0.60436777711716361
0.69999999999999996,1.0249999999999999,0.61535835684555407
0.69999999999999996,1.05,0.62611477206390731
0.69999999999999996,1.075,0.6366380493098307
0.69999999999999996,1.1000000000000001,0.64692945044176664
0.69999999999999996,1.125,0.65699046004919837
0.69999999999999996,1.1499999999999999,0.66682277284908076
0.69999999999999996,1.175,0.67642828112091191
0.69999999999999996,1.2,0.68580906222909466
0.69999999999999996,1.2250000000000001,0.6949673662774124
0.69999999999999996,1.25,0.70390560393662116
0.69999999999999996,1.2749999999999999,0.71262633448234158
0.69999999999999996,1.3,0.7211322540766999
0.69999999999999996,1.325,0.72942618432347373
0.69999999999999996,1.3500000000000001,0.73751106112295339
0.69999999999999996,1.375,0.74538992384925651
0.69999999999999996,1.3999999999999999,0.75306590486955194
0.69999999999999996,1.425,0.76054221942147082
0.69999999999999996,1.45,0.7678221558620103
0.69999999999999996,1.4750000000000001,0.77490906629840062
0.69999999999999996,1.5,0.78180635760877404
0.71666666666666667,0,0
0.71666666666666667,0.025000000000000001,0.017914749787991738
0.71666666666666667,0.050000000000000003,0.035818004208037484
0.71666666666666667,0.074999999999999997,0.053698297378228732
0.71666666666666667,0.10000000000000001,0.071544222228157747
0.71666666666666667,0.125,0.089344459504731299
0.71666666666666667,0.14999999999999999,0.1070878063022366
0.71666666666666667,0.17499999999999999,0.12476320396497277
0.71666666666666667,0.20000000000000001,0.14235976521654711
0.71666666666666667,0.22500000000000001,0.15986680037701145
0.71666666666666667,0.25,0.17727384253728629
0.71666666666666667,0.27500000000000002,0.19457067156966795
0.71666666666666667,0.29999999999999999,0.21174733686352118
0.71666666666666667,0.32500000000000001,0.22879417868637486
0.71666666666666667,0.34999999999999998,0.24570184808243073
0.71666666666666667,0.375,0.26246132523280102
0.71666666666666667,0.40000000000000002,0.27906393621446463
0.71666666666666667,0.42499999999999999,0.29550136810781635
0.71666666666666667,0.45000000000000001,0.31176568241562735
0.71666666666666667,0.47499999999999998,0.32784932676908979
0.71666666666666667,0.5,0.34374514490925095
0.71666666666666667,0.52500000000000002,0.35944638494441139
0.71666666666666667,0.55000000000000004,0.3749467058958546
0.71666666666666667,0.57499999999999996,0.39024018255548365
0.71666666666666667,0.59999999999999998,0.40532130868946292
0.71666666666666667,0.625,0.42018499863172815
0.71666666666666667,0.65000000000000002,0.43482658732015578
0.71666666666666667,0.67500000000000004,0.44924182883623826
0.71666666666666667,0.69999999999999996,0.46342689351624183
0.71666666666666667,0.72499999999999998,0.47737836370800862
0.71666666666666667,0.75,0.49109322825280527
0.71666666666666667,0.77500000000000002,0.50456887577590492
0.71666666666666667,0.80000000000000004,0.51780308687293641
0.71666666666666667,0.82499999999999996,0.53079402528148045
0.71666666666666667,0.84999999999999998,0.54354022812895209
0.71666666666666667,0.875,0.55604059534854633
0.71666666666666667,0.90000000000000002,0.56829437835497087
0.71666666666666667,0.92500000000000004,0.5803011680709198
0.71666666666666667,0.94999999999999996,0.59206088239379528
0.71666666666666667,0.97499999999999998,0.60357375319014483
0.71666666666666667,1,0.61484031290269681
0.71666666666666667,1.0249999999999999,0.62586138085182752
0.71666666666666667,1.05,0.63663804930983092
0.71666666666666667,1.075,0.64717166942256543
0.71666666666666667,1.1000000000000001,0.65746383704897982
0.71666666666666667,1.125,0.66751637858471513
0.71666666666666667,1.1499999999999999,0.67733133683154556
0.71666666666666667,1.175,0.68691095696984705
0.71666666666666667,1.2,0.69625767268668148
0.71666666666666667,1.2250000000000001,0.70537409250745897
0.71666666666666667,1.25,0.71426298637455088
0.71666666666666667,1.2749999999999999,0.72292727251170918
0.71666666666666667,1.3,0.7313700046087338
0.71666666666666667,1.325,0.73959435935653639
0.71666666666666667,1.3500000000000001,0.74760362435863259
0.71666666666666667,1.375,0.75540118644112308
0.71666666666666667,1.3999999999999999,0.76299052037947968
0.71666666666666667,1.425,0.77037517805688149
0.71666666666666667,1.45,0.77755877806550855
0.71666666666666667,1.4750000000000001,0.7845449957590771
0.71666666666666667,1.5,0.79133755376199733
0.73333333333333328,0,0
0.73333333333333328,0.025000000000000001,0.018331279597100639
0.73333333333333328,0.050000000000000003,0.036650243399912595
0.73333333333333328,0.074999999999999997,0.054944608689187414
0.73333333333333328,0.10000000000000001,0.073202158707181442
0.73333333333333328,0.125,0.091410775168811742
0.73333333333333328,0.14999999999999999,0.10955847021442953
0.73333333333333328,0.17499999999999999,0.12763341762655608
0.73333333333333328,0.20000000000000001,0.14562398314002767
0.73333333333333328,0.22500000000000001,0.1635187536836725
0.73333333333333328,0.25,0.18130656540177167
0.73333333333333328,0.27500000000000002,0.19897653031498874
0.73333333333333328,0.29999999999999999,0.21651806149302877
0.73333333333333328,0.32500000000000001,0.23392089662483379
0.73333333333333328,0.34999999999999998,0.25117511988644686
0.73333333333333328,0.375,0.26827118202160133
0.73333333333333328,0.40000000000000002,0.28519991856540566
0.73333333333333328,0.42499999999999999,0.30195256615702148
0.73333333333333328,0.45000000000000001,0.31852077690277081
0.73333333333333328,0.47499999999999998,0.33489663076648052
0.73333333333333328,0.5,0.35107264597890847
0.73333333333333328,0.52500000000000002,0.36704178747263133
0.73333333333333328,0.55000000000000004,0.38279747336266468
0.73333333333333328,0.57499999999999996,0.3983335795062079
0.73333333333333328,0.59999999999999998,0.41364444218713509
0.73333333333333328,0.625,0.42872485898211188
0.73333333333333328,0.65000000000000002,0.4435700878754133
0.73333333333333328,0.67500000000000004,0.458175844698613
0.73333333333333328,0.69999999999999996,0.47253829897924621
0.73333333333333328,0.72499999999999998,0.48665406828933228
0.73333333333333328,0.75,0.50052021119023515
0.73333333333333328,0.77500000000000002,0.51413421887478727
0.73333333333333328,0.80000000000000004,0.52749400561091242
0.73333333333333328,0.82499999999999996,0.54059789809320358
0.73333333333333328,0.84999999999999998,0.55344462381008575
0.73333333333333328,0.875,0.5660332985343971
0.73333333333333328,0.90000000000000002,0.57836341304450567
0.73333333333333328,0.92500000000000004,0.59043481918152718
0.73333333333333328,0.94999999999999996,0.60224771534589661
0.73333333333333328,0.97499999999999998,0.61380263153356707
0.73333333333333328,1,0.62510041400851757
0.73333333333333328,1.0249999999999999,0.63614220970416646
0.73333333333333328,1.05,0.64692945044176664
0.73333333333333328,1.075,0.6574638370489797
0.73333333333333328,1.1000000000000001,0.66774732345669896
0.73333333333333328,1.125,0.67778210084682955
0.73333333333333328,1.1499999999999999,0.68757058191828002
0.73333333333333328,1.175,0.6971153853328601
0.73333333333333328,1.2,0.70641932039723532
0.73333333333333328,1.2250000000000001,0.7154853720315788
0.73333333333333328,1.25,0.72431668607012856
0.73333333333333328,1.2749999999999999,0.73291655493357499
0.73333333333333328,1.3,0.74128840370806492
0.73333333333333328,1.325,0.74943577666068018
0.73333333333333328,1.3500000000000001,0.75736232421652616
0.73333333333333328,1.375,0.76507179041809781
0.73333333333333328,1.3999999999999999,0.77256800088335476
0.73333333333333328,1.425,0.77985485127499399
0.73333333333333328,1.45,0.78693629628971207
0.73333333333333328,1.4750000000000001,0.79381633917284367
0.73333333333333328,1.5,0.80049902176062959
0.75,0,0
0.75,0.025000000000000001,0.018747803043321517
0.75,0.050000000000000003,0.037482431757070479
0.75,0.074999999999999997,0.056190748816774057
0.75,0.10000000000000001,0.07485969068749912
0.75,0.125,0.093476303969227736
0.75,0.14999999999999999,0.11202778108923987
0.75,0.17499999999999999,0.13050149513419973
0.75,0.20000000000000001,0.14888503362331801
0.75,0.22500000000000001,0.16716623103455058
0.75,0.25,0.18533319990813948
0.75,0.27500000000000002,0.20337436036571357
0.75,0.29999999999999999,0.22127846789844396
0.75,0.32500000000000001,0.2390346392941694
0.75,0.34999999999999998,0.25663237659073246
0.75,0.375,0.27406158896076638
0.75,0.40000000000000002,0.2913126124515909
0.75,0.42499999999999999,0.30837622752248589
0.75,0.45000000000000001,0.32524367434016505
0.75,0.47499999999999998,0.34190666581155521
0.75,0.5,0.35835739835078595
0.75,0.52500000000000002,0.3745885603944083
0.75,0.55000000000000004,0.39059333869513074
0.75,0.57499999999999996,0.4063654224396171
0.75,0.59999999999999998,0.4218990052500079
0.75,0.625,0.43718878514171228
0.75,0.65000000000000002,0.45222996252155834
0.75,0.67500000000000004,0.46701823632056094
0.75,0.69999999999999996,0.48154979836430789
0.75,0.72499999999999998,0.49582132609127449
0.75,0.75,0.50982997373525663
0.75,0.77500000000000002,0.52357336209260175
0.75,0.80000000000000004,0.53704956699803541
0.75,0.82499999999999996,0.55025710663471294
0.75,0.84999999999999998,0.56319492780473102
0.75,0.875,0.57586239128578931
0.75,0.90000000000000002,0.58825925639810539
0.75,0.92500000000000004,0.60038566490313883
0.75,0.94999999999999996,0.6122421243522802
0.75,0.97499999999999998,0.62382949099951679
0.75,1,0.6351489523872873
0.75,1.0249999999999999,0.64620200970941144
0.75,1.05,0.65699046004919837
0.75,1.075,0.66751637858471513
0.75,1.1000000000000001,0.67778210084682955
0.75,1.125,0.68779020510908528
0.75,1.1499999999999999,0.69754349498185153
0.75,1.175,0.70704498227653212
0.75,1.2,0.71629787019902447
0.75,1.2250000000000001,0.72530553692513744
0.75,1.25,0.73407151960434158
0.75,1.2749999999999999,0.74259949883210197
0.75,1.3,0.75089328362516705
0.75,1.325,0.75895679692856088
0.75,1.3500000000000001,0.76679406167772135
0.75,1.375,0.77440918743421361
0.75,1.3999999999999999,0.78180635760877404
0.75,1.425,0.78898981728109296
0.75,1.45,0.79596386162173915
0.75,1.4750000000000001,0.8027328249179646
0.75,1.5,0.80930107020178099
0.76666666666666672,0,0
0.76666666666666672,0.025000000000000001,0.019164319982177328
0.76666666666666672,0.050000000000000003,0.038314568128458681
0.76666666666666672,0.074999999999999997,0.057436713902879258
0.76666666666666672,0.10000000000000001,0.076516809112026268
0.76666666666666672,0.125,0.095541028435786879
0.76666666666666672,0.14999999999999999,0.11449570919711116
0.76666666666666672,0.17499999999999999,0.13336739012974347
0.76666666666666672,0.20000000000000001,0.15214284891342431
0.76666666666666672,0.22500000000000001,0.17080913825893021
0.76666666666666672,0.25,0.1893536203402951
0.76666666666666672,0.27500000000000002,0.2077639993884102
0.76666666666666672,0.29999999999999999,0.22602835227867096
0.76666666666666672,0.32500000000000001,0.24413515696515081
0.76666666666666672,0.34999999999999998,0.26207331863463718
0.76666666666666672,0.375,0.27983219347546834
0.76666666666666672,0.40000000000000002,0.29740160997815379
0.76666666666666672,0.42499999999999999,0.31477188770695458
0.76666666666666672,0.45000000000000001,0.33193385350364052
0.76666666666666672,0.47499999999999998,0.34887885510627492
0.76666666666666672,0.5,0.36559877218682502
0.76666666666666672,0.52500000000000002,0.38208602483144566
0.76666666666666672,0.55000000000000004,0.39833357950620796
0.76666666666666672,0.57499999999999996,0.41433495256868319
0.76666666666666672,0.59999999999999998,0.43008421140197944
0.76666666666666672,0.625,0.44557597326244924
0.76666666666666672,0.65000000000000002,0.46080540194525943
0.76666666666666672,0.67500000000000004,0.47576820238326983
0.76666666666666672,0.69999999999999996,0.49046061330417601
0.76666666666666672,0.72499999999999998,0.5048793980786469
0.76666666666666672,0.75,0.51902183389822221
0.76666666666666672,0.77500000000000002,0.53288569942610975
0.76666666666666672,0.80000000000000004,0.54646926106677607
0.76666666666666672,0.82499999999999996,0.55977125800145167
0.76666666666666672,0.84999999999999998,0.57279088613647611
0.76666666666666672,0.875,0.58552778110988635
0.76666666666666672,0.90000000000000002,0.59798200049894124
0.76666666666666672,0.92500000000000004,0.6101540053674761
0.76666666666666672,0.94999999999999996,0.62204464128725012
0.76666666666666672,0.97499999999999998,0.63365511896189775
0.76666666666666672,1,0.64498699457585229
0.76666666666666672,1.0249999999999999,0.65604214998381216
0.76666666666666672,1.05,0.66682277284908076
0.76666666666666672,1.075,0.67733133683154556
0.76666666666666672,1.1000000000000001,0.68757058191828024
0.76666666666666672,1.125,0.69754349498185153
0.76666666666666672,1.1499999999999999,0.70725329064349884
0.76666666666666672,1.175,0.71670339251047044
0.76666666666666672,1.2,0.72589741484908077
0.76666666666666672,1.2250000000000001,0.73483914474749501
0.76666666666666672,1.25,0.74353252481496157
0.76666666666666672,1.2749999999999999,0.75198163645720351
0.76666666666666672,1.3,0.76019068376102106
0.76666666666666672,1.325,0.76816397801483915
0.76666666666666672,1.3500000000000001,0.77590592288601945
0.76666666666666672,1.375,0.78342100027022354
0.76666666666666672,1.3999999999999999,0.79071375682300415
0.76666666666666672,1.425,0.79778879117909096
0.76666666666666672,1.45,0.80465074186054653
0.76666666666666672,1.4750000000000001,0.81130427587107667
0.76666666666666672,1.5,0.81775407797028776
0.78333333333333333,0,0
0.78333333333333333,0.025000000000000001,0.019580830269200055
0.78333333333333333,0.050000000000000003,0.039146651363312947
0.78333333333333333,0.074999999999999997,0.05868250009157127
0.78333333333333333,0.10000000000000001,0.078173504932791349
0.78333333333333333,0.125,0.097604931125858718
0.78333333333333333,0.14999999999999999,0.11696222487632274
0.78333333333333333,0.17499999999999999,0.13623105639976205
0.78333333333333333,0.20000000000000001,0.15539736153535735
0.78333333333333333,0.22500000000000001,0.17444738167866991
0.78333333333333333,0.25,0.19336770180071369
0.78333333333333333,0.27500000000000002,0.21214528634073718
0.78333333333333333,0.29999999999999999,0.23076751278236435
0.78333333333333333,0.32500000000000001,0.24922220274654128
0.78333333333333333,0.34999999999999998,0.26749765045972362
0.78333333333333333,0.375,0.28558264848155251
0.78333333333333333,0.40000000000000002,0.30346651060252278
0.78333333333333333,0.42499999999999999,0.32113909184848594
0.78333333333333333,0.45000000000000001,0.33859080555489202
0.78333333333333333,0.47499999999999998,0.35581263749912895
0.78333333333333333,0.5,0.37279615710385455
0.78333333333333333,0.52500000000000002,0.38953352574756084
0.78333333333333333,0.55000000000000004,0.40601750224050798
0.78333333333333333,0.57499999999999996,0.42224144554441967
0.78333333333333333,0.59999999999999998,0.43819931483276775
0.78333333333333333,0.625,0.45388566700494748
0.78333333333333333,0.65000000000000002,0.46929565178209165
0.78333333333333333,0.67500000000000004,0.4844250045245988
0.78333333333333333,0.69999999999999996,0.49927003692167216
0.78333333333333333,0.72499999999999998,0.51382762571127205
0.78333333333333333,0.75,0.52809519959493201
0.78333333333333333,0.77500000000000002,0.54207072451593907
0.78333333333333333,0.80000000000000004,0.55575268747154449
0.78333333333333333,0.82499999999999996,0.56914007903024011
0.78333333333333333,0.84999999999999998,0.58223237472387246
0.78333333333333333,0.875,0.59502951548158345
0.78333333333333333,0.90000000000000002,0.60753188726844165
0.78333333333333333,0.92500000000000004,0.61974030008630832
0.78333333333333333,0.94999999999999996,0.63165596648812072
0.78333333333333333,0.97499999999999998,0.64328047974955893
0.78333333333333333,1,0.65461579183411089
0.78333333333333333,1.0249999999999999,0.66566419127905008
0.78333333333333333,1.05,0.67642828112091191
0.78333333333333333,1.075,0.68691095696984705
0.78333333333333333,1.1000000000000001,0.6971153853328601
0.78333333333333333,1.125,0.70704498227653201
0.78333333333333333,1.1499999999999999,0.71670339251047044
0.78333333333333333,1.175,0.72609446896352847
0.78333333333333333,1.2,0.73522225291586918
0.78333333333333333,1.2250000000000001,0.74409095474127418
0.78333333333333333,1.25,0.75270493530578131
0.78333333333333333,1.2749999999999999,0.76106868806083117
0.78333333333333333,1.3,0.76918682186162068
0.78333333333333333,1.325,0.77706404453436573
0.78333333333333333,1.3500000000000001,0.78470514720964668
0.78333333333333333,1.375,0.79211498943299363
0.78333333333333333,1.3999999999999999,0.79929848505833845
0.78333333333333333,1.425,0.80626058892493746
0.78333333333333333,1.45,0.81300628431382715
0.78333333333333333,1.4750000000000001,0.81954057117582191
0.78333333333333333,1.5,0.8258684551194575
0.80000000000000004,0,0
0.80000000000000004,0.025000000000000001,0.019997333759930933
0.80000000000000004,0.050000000000000003,0.039978680311163577
0.80000000000000004,0.074999999999999997,0.059928103529143503
0.80000000000000004,0.10000000000000001,0.079829769111131377
0.80000000000000004,0.125,0.099667994624955819
0.80000000000000004,0.14999999999999999,0.11942729853438588
0.80000000000000004,0.17499999999999999,0.13909244787845801
0.80000000000000004,0.20000000000000001,0.15864850429749894
0.80000000000000004,0.22500000000000001,0.17808086811733023
0.80000000000000004,0.25,0.19737532022490401
0.80000000000000004,0.27500000000000002,0.21651806149302888
0.80000000000000004,0.29999999999999999,0.23549574953849794
0.80000000000000004,0.32500000000000001,0.25429553262639115
0.80000000000000004,0.34999999999999998,0.27290508056313262
0.80000000000000004,0.375,0.2913126124515909
0.80000000000000004,0.40000000000000002,0.30950692121263851
0.80000000000000004,0.42499999999999999,0.32747739480870536
0.80000000000000004,0.45000000000000001,0.34521403413552093
0.80000000000000004,0.47499999999999998,0.36270746757805111
0.80000000000000004,0.5,0.3799489622552249
0.80000000000000004,0.52500000000000002,0.39693043200507755
0.80000000000000004,0.55000000000000004,0.4136444421871352
0.80000000000000004,0.57499999999999996,0.43008421140197944
0.80000000000000004,0.59999999999999998,0.44624361024877968
0.80000000000000004,0.625,0.46211715726000974
0.80000000000000004,0.65000000000000002,0.47770001216849795
0.80000000000000004,0.67500000000000004,0.49298796667532435
0.80000000000000004,0.69999999999999996,0.50797743289789599
0.80000000000000004,0.72499999999999998,0.52266542968582086
0.80000000000000004,0.75,0.53704956699803541
0.80000000000000004,0.77500000000000002,0.55112802853814702
0.80000000000000004,0.80000000000000004,0.56489955284622506
0.80000000000000004,0.82499999999999996,0.57836341304450589
0.80000000000000004,0.84999999999999998,0.59151939543181653
0.80000000000000004,0.875,0.60436777711716361
0.80000000000000004,0.90000000000000002,0.61690930287706514
0.80000000000000004,0.92500000000000004,0.62914516141403554
0.80000000000000004,0.94999999999999996,0.64107696118534641
0.80000000000000004,0.97499999999999998,0.65270670596198999
0.80000000000000004,1,0.66403677026784913
0.80000000000000004,1.0249999999999999,0.67506987483860781
0.80000000000000004,1.05,0.68580906222909466
0.80000000000000004,1.075,0.69625767268668148
0.80000000000000004,1.1000000000000001,0.70641932039723532
0.80000000000000004,1.125,0.71629787019902447
0.80000000000000004,1.1499999999999999,0.72589741484908055
0.80000000000000004,1.175,0.73522225291586918
0.80000000000000004,1.2,0.74427686736183718
0.80000000000000004,1.2250000000000001,0.75306590486955216
0.80000000000000004,1.25,0.76159415595576485
0.80000000000000004,1.2749999999999999,0.76986653590890042
0.80000000000000004,1.3,0.7778880665771849
0.80000000000000004,1.325,0.78566385902694369
0.80000000000000004,1.3500000000000001,0.79319909708350089
0.80000000000000004,1.375,0.8004990217606297
0.80000000000000004,1.3999999999999999,0.80756891657861429
0.80000000000000004,1.425,0.81441409376568608
0.80000000000000004,1.45,0.82103988133287709
0.80000000000000004,1.4750000000000001,0.82745161100816667
0.80000000000000004,1.5,0.83365460701215532
0.81666666666666665,0,0
0.81666666666666665,0.025000000000000001,0.020413830309920611
0.81666666666666665,0.050000000000000003,0.040810653821841757
0.81666666666666665,0.074999999999999997,0.061173520364161939
0.81666666666666665,0.10000000000000001,0.081485592617887445
0.81666666666666665,0.125,0.1017302015473126
0.81666666666666665,0.14999999999999999,0.12189090064943241
0.81666666666666665,0.17499999999999999,0.14195151865053382
0.81666666666666665,0.20000000000000001,0.16189621029691698
0.81666666666666665,0.22500000000000001,0.18170950490918844
0.81666666666666665,0.25,0.20137635239564355
0.81666666666666665,0.27500000000000002,0.2208821664494523
0.81666666666666665,0.29999999999999999,0.24021286468618028
0.81666666666666665,0.32500000000000001,0.25935490551207185
0.81666666666666665,0.34999999999999998,0.27829532154893588
0.81666666666666665,0.375,0.29702174947784199
0.81666666666666665,0.40000000000000002,0.31552245620058506
0.81666666666666665,0.42499999999999999,0.3337863612544707
0.81666666666666665,0.45000000000000001,0.3518030554518814
0.81666666666666665,0.47499999999999998,0.36956281575082928
0.81666666666666665,0.5,0.3870566163958421
0.81666666666666665,0.52500000000000002,0.40427613639967025
0.81666666666666665,0.55000000000000004,0.42121376346513173
0.81666666666666665,0.57499999999999996,0.43786259447262416
0.81666666666666665,0.59999999999999998,0.45421643268225909
0.81666666666666665,0.625,0.47026978182001655
0.81666666666666665,0.65000000000000002,0.48601783723473435
0.81666666666666665,0.67500000000000004,0.50145647432705709
0.81666666666666665,0.69999999999999996,0.51658223446273588
0.81666666666666665,0.72499999999999998,0.53139230859092168
0.81666666666666665,0.75,0.5458845187934771
0.81666666666666665,0.77500000000000002,0.56005729799396042
0.81666666666666665,0.80000000000000004,0.57390966805502108
0.81666666666666665,0.82499999999999996,0.58744121649065562
0.81666666666666665,0.84999999999999998,0.60065207201537474
0.81666666666666665,0.875,0.6135428791460068
0.81666666666666665,0.90000000000000002,0.62611477206390731
0.81666666666666665,0.92500000000000004,0.63836934793595324
0.81666666666666665,0.94999999999999996,0.65030863988215482
0.81666666666666665,0.97499999999999998,0.66193508976622462
0.81666666666666665,1,0.67325152097324115
0.81666666666666665,1.0249999999999999,0.68426111132584766
0.81666666666666665,1.05,0.6949673662774124
0.81666666666666665,1.075,0.70537409250745897
0.81666666666666665,1.1000000000000001,0.7154853720315788
0.81666666666666665,1.125,0.72530553692513744
0.81666666666666665,1.1499999999999999,0.73483914474749501
0.81666666666666665,1.175,0.74409095474127418
0.81666666666666665,1.2,0.75306590486955194
0.81666666666666665,1.2250000000000001,0.76176908974275148
0.81666666666666665,1.25,0.77020573947655768
0.81666666666666665,1.2749999999999999,0.77838119951240892
0.81666666666666665,1.3,0.78630091142303871
0.81666666666666665,1.325,0.79397039471720099
0.81666666666666665,1.3500000000000001,0.80139522965008436
0.81666666666666665,1.375,0.8085810410390265
0.81666666666666665,1.3999999999999999,0.81553348307794771
0.81666666666666665,1.425,0.8222582251384235
0.81666666666666665,1.45,0.82876093854048194
0.81666666666666665,1.4750000000000001,0.83504728427200858
0.81666666666666665,1.5,0.84112290163204328
0.83333333333333337,0,0
0.83333333333333337,0.025000000000000001,0.020830319774729388
0.83333333333333337,0.050000000000000003,0.041642570745485954
0.83333333333333337,0.074999999999999997,0.062418746747512514
0.83333333333333337,0.10000000000000001,0.083140966433599778
0.83333333333333337,0.125,0.10379153453646234
0.83333333333333337,0.14999999999999999,0.12435300177159619
0.83333333333333337,0.17499999999999999,0.14480822295404272
0.83333333333333337,0.20000000000000001,0.16514041292462939
0.83333333333333337,0.22500000000000001,0.18533319990813948
0.83333333333333337,0.25,0.20537067595698336
0.83333333333333337,0.27500000000000002,0.22523744416873229
0.83333333333333337,0.29999999999999999,0.24491866240370913
0.83333333333333337,0.32500000000000001,0.26440008326903897
0.83333333333333337,0.34999999999999998,0.28366809017746208
0.83333333333333337,0.375,0.30270972933210849
0.83333333333333337,0.40000000000000002,0.3215127375316344
0.83333333333333337,0.42499999999999999,0.34006556573296864
0.83333333333333337,0.45000000000000001,0.35835739835078595
0.83333333333333337,0.47499999999999998,0.37637816831312643
0.83333333333333337,0.5,0.39411856793081462
0.83333333333333337,0.52500000000000002,0.41157005567402255
0.83333333333333337,0.55000000000000004,0.42872485898211188
0.83333333333333337,0.57499999999999996,0.44557597326244924
0.83333333333333337,0.59999999999999998,0.46211715726000974
0.83333333333333337,0.625,0.47834292500209707
0.83333333333333337,0.65000000000000002,0.49424853454133921
0.83333333333333337,0.67500000000000004,0.50982997373525663
0.83333333333333337,0.69999999999999996,0.52508394331219499
0.83333333333333337,0.72499999999999998,0.54000783748137204
0.83333333333333337,0.75,0.55459972234938226
0.83333333333333337,0.77500000000000002,0.56885831240691287
0.83333333333333337,0.80000000000000004,0.5827829453479102
0.83333333333333337,0.82499999999999996,0.59637355547924231
0.83333333333333337,0.84999999999999998,0.60963064597231953
0.83333333333333337,0.875,0.62255526019945762
0.83333333333333337,0.90000000000000002,0.6351489523872873
0.83333333333333337,0.92500000000000004,0.64741375780753607
0.83333333333333337,0.94999999999999996,0.65935216271230834
0.83333333333333337,0.97499999999999998,0.67096707420687374
0.83333333333333337,1,0.6822617902381698
0.83333333333333337,1.0249999999999999,0.69323996986201619
0.83333333333333337,1.05,0.70390560393662116
0.83333333333333337,1.075,0.71426298637455088
0.83333333333333337,1.1000000000000001,0.72431668607012856
0.83333333333333337,1.125,0.73407151960434158
0.83333333333333337,1.1499999999999999,0.74353252481496135
0.83333333333333337,1.175,0.75270493530578131
0.83333333333333337,1.2,0.76159415595576485
0.83333333333333337,1.2250000000000001,0.77020573947655779
0.83333333333333337,1.25,0.77854536405526364
0.83333333333333337,1.2749999999999999,0.78661881210869766
0.83333333333333337,1.3,0.79443195016549661
0.83333333333333337,1.325,0.80199070988350674
0.83333333333333337,1.3500000000000001,0.8093010702017811
0.83333333333333337,1.375,0.81636904061927051
0.83333333333333337,1.3999999999999999,0.82320064558588313
0.83333333333333337,1.425,0.82980190998595948
0.83333333333333337,1.45,0.83617884568934964
0.83333333333333337,1.4750000000000001,0.84233743914112913
0.83333333333333337,1.5,0.84828363995751288
0.84999999999999998,0,0
0.84999999999999998,0.025000000000000001,0.021246802009927384
0.84999999999999998,0.050000000000000003,0.042474429932548186
0.84999999999999998,0.074999999999999997,0.063663778832448462
0.84999999999999998,0.10000000000000001,0.08479588154870199
0.84999999999999998,0.125,0.10585197626581183
0.84999999999999998,0.14999999999999999,0.1268135725243873
0.84999999999999998,0.17499999999999999,0.14766251518321868
0.84999999999999998,0.20000000000000001,0.16838104587081471
0.84999999999999998,0.22500000000000001,0.18895186149648019
0.84999999999999998,0.25,0.20935816942801871
0.84999999999999998,0.27500000000000002,0.22958373898443904
0.84999999999999998,0.29999999999999999,0.24961294893685859
0.84999999999999998,0.32500000000000001,0.26943083075831692
0.84999999999999998,0.34999999999999998,0.28902310741258919
0.84999999999999998,0.375,0.30837622752248589
0.84999999999999998,0.40000000000000002,0.32747739480870536
0.84999999999999998,0.42499999999999999,0.34631459274026344
0.84999999999999998,0.45000000000000001,0.36487660438612951
0.84999999999999998,0.47499999999999998,0.38315302750423869
0.84999999999999998,0.5,0.40113428494794584
0.84999999999999998,0.52500000000000002,0.41881163051068693
0.84999999999999998,0.55000000000000004,0.43617715036669963
0.84999999999999998,0.57499999999999996,0.45322376029878803
0.84999999999999998,0.59999999999999998,0.46994519893303754
0.84999999999999998,0.625,0.48633601722496222
0.84999999999999998,0.65000000000000002,0.50239156446172273
0.84999999999999998,0.67500000000000004,0.51810797106081385
0.84999999999999998,0.69999999999999996,0.53348212845708554
0.84999999999999998,0.72499999999999998,0.54851166637728566
0.84999999999999998,0.75,0.56319492780473102
0.84999999999999998,0.77500000000000002,0.57753094193648091
0.84999999999999998,0.80000000000000004,0.59151939543181653
0.84999999999999998,0.82499999999999996,0.60516060224426227
0.84999999999999998,0.84999999999999998,0.61845547232015607
0.84999999999999998,0.875,0.63140547943526593
0.84999999999999998,0.90000000000000002,0.64401262842750706
0.84999999999999998,0.92500000000000004,0.65627942206881273
0.84999999999999998,0.94999999999999996,0.66820882780297286
0.84999999999999998,0.97499999999999998,0.6798042445591328
0.84999999999999998,1,0.69106946983293049
0.84999999999999998,1.0249999999999999,0.70200866720923105
0.84999999999999998,1.05,0.71262633448234169
0.84999999999999998,1.075,0.72292727251170918
0.84999999999999998,1.1000000000000001,0.7329165549335751
0.84999999999999998,1.125,0.74259949883210197
0.84999999999999998,1.1499999999999999,0.75198163645720328
0.84999999999999998,1.175,0.76106868806083117
0.84999999999999998,1.2,0.76986653590890042
0.84999999999999998,1.2250000000000001,0.77838119951240892
0.84999999999999998,1.25,0.78661881210869766
0.84999999999999998,1.2749999999999999,0.79458559841222143
0.84999999999999998,1.3,0.80228785364366129
0.84999999999999998,1.325,0.80973192383670611
0.84999999999999998,1.3500000000000001,0.81692418741335016
0.84999999999999998,1.375,0.823871038011049
0.84999999999999998,1.3999999999999999,0.83057886853852847
0.84999999999999998,1.425,0.83705405643139263
0.84999999999999998,1.45,0.84330295007388067
0.84999999999999998,1.4750000000000001,0.84933185634911934
0.84999999999999998,1.5,0.85514702927696451
0.8666666666666667,0,0
0.8666666666666667,0.025000000000000001,0.021663276871094761
0.8666666666666667,0.050000000000000003,0.043306230233800404
0.8666666666666667,0.074999999999999997,0.064908612774637511
0.8666666666666667,0.10000000000000001,0.086450328963715434
0.8666666666666667,0.125,0.10791150943921408
0.8666666666666667,0.14999999999999999,0.12927258360605834
0.8666666666666667,0.17499999999999999,0.15051434989128482
0.8666666666666667,0.20000000000000001,0.17161804312996978
0.8666666666666667,0.22500000000000001,0.19256539859357569
0.8666666666666667,0.25,0.21333871221642287
0.8666666666666667,0.27500000000000002,0.23392089662483381
0.8666666666666667,0.29999999999999999,0.25429553262639115
0.8666666666666667,0.32500000000000001,0.27444691587269676
0.8666666666666667,0.34999999999999998,0.29436009846699424
0.8666666666666667,0.375,0.31402092534699755
0.8666666666666667,0.40000000000000002,0.33341606533224621
0.8666666666666667,0.42499999999999999,0.35253303678333081
0.8666666666666667,0.45000000000000001,0.37136022787650769
0.8666666666666667,0.47499999999999998,0.38988691155073574
0.8666666666666667,0.5,0.40810325523432495
0.8666666666666667,0.52500000000000002,0.42600032550456335
0.8666666666666667,0.55000000000000004,0.44357008787541347
0.8666666666666667,0.57499999999999996,0.46080540194525937
0.8666666666666667,0.59999999999999998,0.47770001216849795
0.8666666666666667,0.625,0.49424853454133921
0.8666666666666667,0.65000000000000002,0.51044643951351421
0.8666666666666667,0.67500000000000004,0.52629003145371078
0.8666666666666667,0.69999999999999996,0.54177642500764944
0.8666666666666667,0.72499999999999998,0.55690351869399923
0.8666666666666667,0.75,0.57166996608511733
0.8666666666666667,0.77500000000000002,0.58607514491720913
0.8666666666666667,0.80000000000000004,0.60011912446838211
0.8666666666666667,0.82499999999999996,0.61380263153356707
0.8666666666666667,0.84999999999999998,0.62712701531289883
0.8666666666666667,0.875,0.6400942115152839
0.8666666666666667,0.90000000000000002,0.65270670596198999
0.8666666666666667,0.92500000000000004,0.66496749795660393
0.8666666666666667,0.94999999999999996,0.67688006366800613
0.8666666666666667,0.97499999999999998,0.68844831975250509
0.8666666666666667,1,0.69967658742030525
0.8666666666666667,1.0249999999999999,0.7105695571303603
0.8666666666666667,1.05,0.7211322540766999
0.8666666666666667,1.075,0.73137000460873347
0.8666666666666667,1.1000000000000001,0.74128840370806504
0.8666666666666667,1.125,0.75089328362516705
0.8666666666666667,1.1499999999999999,0.76019068376102084
0.8666666666666667,1.175,0.76918682186162068
0.8666666666666667,1.2,0.7778880665771849
0.8666666666666667,1.2250000000000001,0.78630091142303871
0.8666666666666667,1.25,0.79443195016549661
0.8666666666666667,1.2749999999999999,0.80228785364366129
0.8666666666666667,1.3,0.80987534802689543
0.8666666666666667,1.325,0.81720119449775463
0.8666666666666667,1.3500000000000001,0.82427217034139755
0.8666666666666667,1.375,0.83109505141482787
0.8666666666666667,1.3999999999999999,0.83767659596275257
0.8666666666666667,1.425,0.84402352974126726
0.8666666666666667,1.45,0.85014253240596682
0.8666666666666667,1.4750000000000001,0.85604022511733213
0.8666666666666667,1.5,0.86172315931330634
0.8833333333333333,0,0
0.8833333333333333,0.025000000000000001,0.02207974421382191
0.8833333333333333,0.050000000000000003,0.044137970500340816
0.8833333333333333,0.074999999999999997,0.066153244732209113
0.8833333333333333,0.10000000000000001,0.088104299689442556
0.8833333333333333,0.125,0.10997011679153865
0.8833333333333333,0.14999999999999999,0.13173000579096331
0.8833333333333333,0.17499999999999999,0.15336368179323903
0.8833333333333333,0.20000000000000001,0.17485133900601252
0.8833333333333333,0.22500000000000001,0.19617372066440683
0.8833333333333333,0.25,0.21731218463174129
0.8833333333333333,0.27500000000000002,0.23824876423226865
0.8833333333333333,0.29999999999999999,0.25896622393478969
0.8833333333333333,0.32500000000000001,0.27944810957163874
0.8833333333333333,0.34999999999999998,0.29967879284535348
0.8833333333333333,0.375,0.31964350994411495
0.8833333333333333,0.40000000000000002,0.33932839415555005
0.8833333333333333,0.42499999999999999,0.35872050243561132
0.8833333333333333,0.45000000000000001,0.37780783595390938
0.8833333333333333,0.47499999999999998,0.39657935469813815
0.8833333333333333,0.5,0.41502498627728313
0.8833333333333333,0.52500000000000002,0.43313562911542902
0.8833333333333333,0.55000000000000004,0.45090315027467048
0.8833333333333333,0.57499999999999996,0.46832037818645145
0.8833333333333333,0.59999999999999998,0.48538109060537149
0.8833333333333333,0.625,0.50207999812797999
0.8833333333333333,0.65000000000000002,0.51841272364133695
0.8833333333333333,0.67500000000000004,0.53437577808228409
0.8833333333333333,0.69999999999999996,0.5499665328986697
0.8833333333333333,0.72499999999999998,0.56518318960852487
0.8833333333333333,0.75,0.58002474685279493
0.8833333333333333,0.77500000000000002,0.59449096533213086
0.8833333333333333,0.80000000000000004,0.60858233100894865
0.8833333333333333,0.82499999999999996,0.62230001694296599
0.8833333333333333,0.84999999999999998,0.63564584411228509
0.8833333333333333,0.875,0.64862224155331494
0.8833333333333333,0.90000000000000002,0.66123220613196265
0.8833333333333333,0.92500000000000004,0.67347926223604337
0.8833333333333333,0.94999999999999996,0.68536742165526598
0.8833333333333333,0.97499999999999998,0.69690114389086744
0.8833333333333333,1,0.70808529711239088
0.8833333333333333,1.0249999999999999,0.7189251199546085
0.8833333333333333,1.05,0.72942618432347373
0.8833333333333333,1.075,0.73959435935653639
0.8833333333333333,1.1000000000000001,0.74943577666068029
0.8833333333333333,1.125,0.75895679692856088
0.8833333333333333,1.1499999999999999,0.76816397801483904
0.8833333333333333,1.175,0.77706404453436573
0.8833333333333333,1.2,0.78566385902694358
0.8833333333333333,1.2250000000000001,0.79397039471720099
0.8833333333333333,1.25,0.80199070988350663
0.8833333333333333,1.2749999999999999,0.80973192383670611
0.8833333333333333,1.3,0.81720119449775463
0.8833333333333333,1.325,0.82440569755301862
0.8833333333333333,1.3500000000000001,0.83135260715705106
0.8833333333333333,1.375,0.83804907814496366
0.8833333333333333,1.3999999999999999,0.84450222971003619
0.8833333333333333,1.425,0.85071913049683778
0.8833333333333333,1.45,0.85670678505581921
0.8833333333333333,1.4750000000000001,0.86247212160196174
0.8833333333333333,1.5,0.86802198101756245
0.90000000000000002,0,0
0.90000000000000002,0.025000000000000001,0.022496203893709672
0.90000000000000002,0.050000000000000003,0.044969649583600252
0.90000000000000002,0.074999999999999997,0.067397670865801632
0.90000000000000002,0.10000000000000001,0.089757784747160119
0.90000000000000002,0.125,0.11202778108923989
0.90000000000000002,0.14999999999999999,0.13418580993090867
0.90000000000000002,0.17499999999999999,0.15621046576861825
0.90000000000000002,0.20000000000000001,0.17808086811733023
0.90000000000000002,0.22500000000000001,0.19977673772799659
0.90000000000000002,0.25,0.22127846789844399
0.90000000000000002,0.27500000000000002,0.2425671903821357
0.90000000000000002,0.29999999999999999,0.26362483547220328
0.90000000000000002,0.32500000000000001,0.2844341859148754
0.90000000000000002,0.34999999999999998,0.3049789243854889
0.90000000000000002,0.375,0.32524367434016505
0.90000000000000002,0.40000000000000002,0.34521403413552093
0.90000000000000002,0.42499999999999999,0.36487660438612951
0.90000000000000002,0.45000000000000001,0.38421900860357633
0.90000000000000002,0.47499999999999998,0.40322990723080138
0.90000000000000002,0.5,0.4218990052500079
0.90000000000000002,0.52500000000000002,0.44021705360098295
0.90000000000000002,0.55000000000000004,0.458175844698613
0.90000000000000002,0.57499999999999996,0.47576820238326967
0.90000000000000002,0.59999999999999998,0.49298796667532435
0.90000000000000002,0.625,0.50982997373525663
0.90000000000000002,0.65000000000000002,0.52629003145371078
0.90000000000000002,0.67500000000000004,0.54236489111163355
0.90000000000000002,0.69999999999999996,0.55805221555962425
0.90000000000000002,0.72499999999999998,0.57335054436827915
0.90000000000000002,0.75,0.58825925639810539
0.90000000000000002,0.77500000000000002,0.60277853022911443
0.90000000000000002,0.80000000000000004,0.61690930287706514
0.90000000000000002,0.82499999999999996,0.63065322720616579
0.90000000000000002,0.84999999999999998,0.64401262842750706
0.90000000000000002,0.875,0.65699046004919837
0.90000000000000002,0.90000000000000002,0.66959025961877072
0.90000000000000002,0.92500000000000004,0.68181610457143615
0.90000000000000002,0.94999999999999996,0.69367256846982772
0.90000000000000002,0.97499999999999998,0.70516467789238491
0.90000000000000002,1,0.71629787019902447
0.90000000000000002,1.0249999999999999,0.72707795237457229
0.90000000000000002,1.05,0.73751106112295339
0.90000000000000002,1.075,0.74760362435863259
0.90000000000000002,1.1000000000000001,0.75736232421652616
0.90000000000000002,1.125,0.76679406167772124
0.90000000000000002,1.1499999999999999,0.77590592288601934
0.90000000000000002,1.175,0.78470514720964668
0.90000000000000002,1.2,0.79319909708350089
0.90000000000000002,1.2250000000000001,0.80139522965008436
0.90000000000000002,1.25,0.80930107020178099
0.90000000000000002,1.2749999999999999,0.81692418741335016
0.90000000000000002,1.3,0.82427217034139755
0.90000000000000002,1.325,0.83135260715705095
0.90000000000000002,1.3500000000000001,0.83817306556906934
0.90000000000000002,1.375,0.84474107488702321
0.90000000000000002,1.3999999999999999,0.85106410966794388
0.90000000000000002,1.425,0.85714957488480947
0.90000000000000002,1.45,0.86300479255134777
0.90000000000000002,1.4750000000000001,0.86863698973475811
0.90000000000000002,1.5,0.874053287886007
0.91666666666666663,0,0
0.91666666666666663,0.025000000000000001,0.022912655766369503
0.91666666666666663,0.050000000000000003,0.045801266335348395
0.91666666666666663,0.074999999999999997,0.068641887338609195
0.91666666666666663,0.10000000000000001,0.091410775168811742
0.91666666666666663,0.125,0.11408448513092277
0.91666666666666663,0.14999999999999999,0.13663996695649616
0.91666666666666663,0.17499999999999999,0.15905465686423928
0.91666666666666663,0.20000000000000001,0.18130656540177167
0.91666666666666663,0.22500000000000001,0.20337436036571357
0.91666666666666663,0.25,0.22523744416873226
0.91666666666666663,0.27500000000000002,0.24687602510136197
0.91666666666666663,0.29999999999999999,0.26827118202160133
0.91666666666666663,0.32500000000000001,0.28940492209470831
0.91666666666666663,0.34999999999999998,0.31026023129745811
0.91666666666666663,0.375,0.33082111749362803
0.91666666666666663,0.40000000000000002,0.35107264597890853
0.91666666666666663,0.42499999999999999,0.37100096748222594
0.91666666666666663,0.45000000000000001,0.39059333869513074
0.91666666666666663,0.47499999999999998,0.40983813548018688
0.91666666666666663,0.5,0.42872485898211188
0.91666666666666663,0.52500000000000002,0.44724413493088039
0.91666666666666663,0.55000000000000004,0.46538770648347588
0.91666666666666663,0.57499999999999996,0.48314842100000188
0.91666666666666663,0.59999999999999998,0.50052021119023515
0.91666666666666663,0.625,0.5174980710983651
0.91666666666666663,0.65000000000000002,0.534078027416789
0.91666666666666663,0.67500000000000004,0.55025710663471306
0.91666666666666663,0.69999999999999996,0.5660332985343971
0.91666666666666663,0.72499999999999998,0.58140551654774908
0.91666666666666663,0.75,0.59637355547924231
0.91666666666666663,0.77500000000000002,0.61093804708854305
0.91666666666666663,0.80000000000000004,0.62510041400851757
0.91666666666666663,0.82499999999999996,0.6388628224522318
0.91666666666666663,0.84999999999999998,0.65222813413691061
0.91666666666666663,0.875,0.66519985782436608
0.91666666666666663,0.90000000000000002,0.67778210084682955
0.91666666666666663,0.92500000000000004,0.68997952095511972
0.91666666666666663,0.94999999999999996,0.70179727879327103
0.91666666666666663,0.97499999999999998,0.71324099127069329
0.91666666666666663,1,0.72431668607012856
0.91666666666666663,1.0249999999999999,0.73503075749757174
0.91666666666666663,1.05,0.74538992384925673
0.91666666666666663,1.075,0.75540118644112308
0.91666666666666663,1.1000000000000001,0.76507179041809781
0.91666666666666663,1.125,0.77440918743421361
0.91666666666666663,1.1499999999999999,0.78342100027022343
0.91666666666666663,1.175,0.79211498943299363
0.91666666666666663,1.2,0.80049902176062959
0.91666666666666663,1.2250000000000001,0.80858104103902662
0.91666666666666663,1.25,0.81636904061927051
0.91666666666666663,1.2749999999999999,0.823871038011049
0.91666666666666663,1.3,0.83109505141482787
0.91666666666666663,1.325,0.83804907814496366
0.91666666666666663,1.3500000000000001,0.84474107488702321
0.91666666666666663,1.375,0.85117893972525471
0.91666666666666663,1.3999999999999999,0.85737049587029202
0.91666666666666663,1.425,0.86332347701263634
0.91666666666666663,1.45,0.86904551422413112
0.91666666666666663,1.4750000000000001,0.87454412432740636
0.91666666666666663,1.5,0.87982669965198479
0.93333333333333335,0,0
0.93333333333333335,0.025000000000000001,0.023329099687423707
0.93333333333333335,0.050000000000000003,0.046632819607700202
0.93333333333333335,0.074999999999999997,0.069885890316428986
0.93333333333333335,0.10000000000000001,0.093063261997200136
0.93333333333333335,0.125,0.11614021174790659
0.93333333333333335,0.14999999999999999,0.13909244787845801
0.93333333333333335,0.17499999999999999,0.16189621029691698
0.93333333333333335,0.20000000000000001,0.18452836612158294
0.93333333333333335,0.22500000000000001,0.20696649972945261
0.93333333333333335,0.25,0.229188996535099
0.93333333333333335,0.27500000000000002,0.25117511988644692
0.93333333333333335,0.29999999999999999,0.27290508056313262
0.93333333333333335,0.32500000000000001,0.29436009846699424
0.93333333333333335,0.34999999999999998,0.31552245620058506
0.93333333333333335,0.375,0.33637554433633221
0.93333333333333335,0.40000000000000002,0.35690389828403635
0.93333333333333335,0.42499999999999999,0.37709322676595919
0.93333333333333335,0.45000000000000001,0.39693043200507755
0.93333333333333335,0.47499999999999998,0.41640362182171498
0.93333333333333335,0.5,0.43550211391547999
0.93333333333333335,0.52500000000000002,0.45421643268225914
0.93333333333333335,0.55000000000000004,0.47253829897924621
0.93333333333333335,0.57499999999999996,0.49046061330417601
0.93333333333333335,0.59999999999999998,0.50797743289789599
0.93333333333333335,0.625,0.52508394331219499
0.93333333333333335,0.65000000000000002,0.54177642500764944
0.93333333333333335,0.67500000000000004,0.55805221555962425
0.93333333333333335,0.69999999999999996,0.57390966805502108
0.93333333333333335,0.72499999999999998,0.58934810625866552
0.93333333333333335,0.75,0.60436777711716361
0.93333333333333335,0.77500000000000002,0.61896980115049649
0.93333333333333335,0.80000000000000004,0.63315612125852105
0.93333333333333335,0.82499999999999996,0.64692945044176664
0.93333333333333335,0.84999999999999998,0.66029321890444526
0.93333333333333335,0.875,0.67325152097324115
0.93333333333333335,0.90000000000000002,0.68580906222909466
0.93333333333333335,0.92500000000000004,0.69797110721159994
0.93333333333333335,0.94999999999999996,0.70974342801749868
0.93333333333333335,0.97499999999999998,0.7211322540766999
0.93333333333333335,1,0.7321442233518527
0.93333333333333335,1.0249999999999999,0.74278633517119086
0.93333333333333335,1.05,0.75306590486955216
0.93333333333333335,1.075,0.76299052037947979
0.93333333333333335,1.1000000000000001,0.77256800088335476
0.93333333333333335,1.125,0.78180635760877415
0.93333333333333335,1.1499999999999999,0.79071375682300415
0.93333333333333335,1.175,0.79929848505833845
0.93333333333333335,1.2,0.80756891657861429
0.93333333333333335,1.2250000000000001,0.81553348307794782
0.93333333333333335,1.25,0.82320064558588313
0.93333333333333335,1.2749999999999999,0.83057886853852847
0.93333333333333335,1.3,0.83767659596275257
0.93333333333333335,1.325,0.84450222971003619
0.93333333333333335,1.3500000000000001,0.85106410966794388
0.93333333333333335,1.375,0.85737049587029213
0.93333333333333335,1.3999999999999999,0.86342955242176767
0.93333333333333335,1.425,0.86924933314885477
0.93333333333333335,1.45,0.87483776888631748
0.93333333333333335,1.4750000000000001,0.88020265630700434
0.93333333333333335,1.5,0.88535164820226253
0.94999999999999996,0,0
0.94999999999999996,0.025000000000000001,0.023745535512505619
0.94999999999999996,0.050000000000000003,0.047464308253122173
0.94999999999999996,0.074999999999999997,0.071129675967707862
0.94999999999999996,0.10000000000000001,0.094715236286178547
0.94999999999999996,0.125,0.11819494380478603
0.94999999999999996,0.14999999999999999,0.14154322378898346
0.94999999999999996,0.17499999999999999,0.16473508145615887
0.94999999999999996,0.20000000000000001,0.18774620586828542
0.94999999999999996,0.22500000000000001,0.21055306754968897
0.94999999999999996,0.25,0.23313300904263859
0.94999999999999996,0.27500000000000002,0.25546432772103767
0.94999999999999996,0.29999999999999999,0.2775263502976838
0.94999999999999996,0.32500000000000001,0.2992994985808175
0.94999999999999996,0.34999999999999998,0.32076534615843211
0.94999999999999996,0.375,0.34190666581155521
0.94999999999999996,0.40000000000000002,0.36270746757805111
0.94999999999999996,0.42499999999999999,0.38315302750423869
0.94999999999999996,0.45000000000000001,0.40322990723080138
0.94999999999999996,0.47499999999999998,0.4229259646604025
0.94999999999999996,0.5,0.44223035604572614
0.94999999999999996,0.52500000000000002,0.46113352991726886
0.94999999999999996,0.55000000000000004,0.47962721333937575
0.94999999999999996,0.57499999999999996,0.49770439104030645
0.94999999999999996,0.59999999999999998,0.51535927800740966
0.94999999999999996,0.625,0.53258728617191942
0.94999999999999996,0.65000000000000002,0.54938498582985662
0.94999999999999996,0.67500000000000004,0.56575006245662074
0.94999999999999996,0.69999999999999996,0.58168126957387323
0.94999999999999996,0.72499999999999998,0.59717837831914689
0.94999999999999996,0.75,0.6122421243522802
0.94999999999999996,0.77500000000000002,0.62687415270935121
0.94999999999999996,0.80000000000000004,0.64107696118534641
0.94999999999999996,0.82499999999999996,0.65485384279248682
0.94999999999999996,0.84999999999999998,0.66820882780297286
0.94999999999999996,0.875,0.68114662584396646
0.94999999999999996,0.90000000000000002,0.69367256846982772
0.94999999999999996,0.92500000000000004,0.70579255259285689
0.94999999999999996,0.94999999999999996,0.71751298510985018
0.94999999999999996,0.97499999999999998,0.72884072901833263
0.94999999999999996,1,0.73978305127400423
0.94999999999999996,1.0249999999999999,0.75034757260020402
0.94999999999999996,1.05,0.76054221942147082
0.94999999999999996,1.075,0.77037517805688149
0.94999999999999996,1.1000000000000001,0.77985485127499399
0.94999999999999996,1.125,0.78898981728109285
0.94999999999999996,1.1499999999999999,0.79778879117909085
0.94999999999999996,1.175,0.80626058892493746
0.94999999999999996,1.2,0.81441409376568596
0.94999999999999996,1.2250000000000001,0.8222582251384235
0.94999999999999996,1.25,0.82980190998595948
0.94999999999999996,1.2749999999999999,0.83705405643139263
0.94999999999999996,1.3,0.84402352974126726
0.94999999999999996,1.325,0.85071913049683767
0.94999999999999996,1.3500000000000001,0.85714957488480947
0.94999999999999996,1.375,0.86332347701263634
0.94999999999999996,1.3999999999999999,0.86924933314885466
0.94999999999999996,1.425,0.8749355077858485
0.94999999999999996,1.45,0.88039022142068546
0.94999999999999996,1.4750000000000001,0.8856215399490972
0.94999999999999996,1.5,0.89063736556811846
0.96666666666666667,0,0
0.96666666666666667,0.025000000000000001,0.024161963097259813
0.96666666666666667,0.050000000000000003,0.04829573112443869
0.96666666666666667,0.074999999999999997,0.072373240463589464
0.96666666666666667,0.10000000000000001,0.096366689100842021
0.96666666666666667,0.125,0.12024866419999015
0.96666666666666667,0.14999999999999999,0.14399226586303726
0.96666666666666667,0.17499999999999999,0.16757122590683637
0.96666666666666667,0.20000000000000001,0.19096002056749659
0.96666666666666667,0.22500000000000001,0.21413397614340712
0.96666666666666667,0.25,0.23706936670110551
0.96666666666666667,0.27500000000000002,0.25974350309304101
0.96666666666666667,0.29999999999999999,0.28213481266963414
0.96666666666666667,0.32500000000000001,0.30422290920684525
0.96666666666666667,0.34999999999999998,0.32598865271171534
0.96666666666666667,0.375,0.34741419890904285
0.96666666666666667,0.40000000000000002,0.36848303834972457
0.96666666666666667,0.42499999999999999,0.3891800252127563
0.96666666666666667,0.45000000000000001,0.40949139599618206
0.96666666666666667,0.47499999999999998,0.42940477840549962
0.96666666666666667,0.5,0.44890919084960429
0.96666666666666667,0.52500000000000002,0.46799503304313939
0.96666666666666667,0.55000000000000004,0.48665406828933244
0.96666666666666667,0.57499999999999996,0.5048793980786469
0.96666666666666667,0.59999999999999998,0.52266542968582086
0.96666666666666667,0.625,0.54000783748137204
0.96666666666666667,0.65000000000000002,0.55690351869399934
0.96666666666666667,0.67500000000000004,0.57335054436827926
0.96666666666666667,0.69999999999999996,0.58934810625866552
0.96666666666666667,0.72499999999999998,0.60489646038715794
0.96666666666666667,0.75,0.61999686796937403
0.96666666666666667,0.77500000000000002,0.63465153438342581
0.96666666666666667,0.80000000000000004,0.64886354681926717
0.96666666666666667,0.82499999999999996,0.66263681120436102
0.96666666666666667,0.84999999999999998,0.67597598895584954
0.96666666666666667,0.875,0.6888864340610652
0.96666666666666667,0.90000000000000002,0.70137413093831258
0.96666666666666667,0.92500000000000004,0.71344563347933365
0.96666666666666667,0.94999999999999996,0.7251080056246304
0.96666666666666667,0.97499999999999998,0.73636876377360971
0.96666666666666667,1,0.74723582128397426
0.96666666666666667,1.0249999999999999,0.7577174352694287
0.96666666666666667,1.05,0.76782215586201041
0.96666666666666667,1.075,0.77755877806550855
0.96666666666666667,1.1000000000000001,0.78693629628971218
0.96666666666666667,1.125,0.79596386162173915
0.96666666666666667,1.1499999999999999,0.80465074186054641
0.96666666666666667,1.175,0.81300628431382727
0.96666666666666667,1.2,0.82103988133287709
0.96666666666666667,1.2250000000000001,0.82876093854048205
0.96666666666666667,1.25,0.83617884568934964
0.96666666666666667,1.2749999999999999,0.84330295007388067
0.96666666666666667,1.3,0.85014253240596693
0.96666666666666667,1.325,0.85670678505581921
0.96666666666666667,1.3500000000000001,0.86300479255134788
0.96666666666666667,1.375,0.86904551422413112
0.96666666666666667,1.3999999999999999,0.87483776888631748
0.96666666666666667,1.425,0.88039022142068546
0.96666666666666667,1.45,0.88571137116536458
0.96666666666666667,1.4750000000000001,0.8908095419751898
0.96666666666666667,1.5,0.89569287384316454
0.98333333333333328,0,0
0.98333333333333328,0.025000000000000001,0.024578382297342282
0.98333333333333328,0.050000000000000003,0.049127087074838274
0.98333333333333328,0.074999999999999997,0.073616579977960797
0.98333333333333328,0.10000000000000001,0.098017611517717859
0.98333333333333328,0.125,0.12230135586633871
0.98333333333333328,0.14999999999999999,0.14643954535966971
0.98333333333333328,0.17499999999999999,0.17040459939183158
0.98333333333333328,0.20000000000000001,0.1941697464836912
0.98333333333333328,0.22500000000000001,0.21770913842190082
0.98333333333333328,0.25,0.24099795549671849
0.98333333333333328,0.27500000000000002,0.26401250201126669
0.98333333333333328,0.29999999999999999,0.28673029138880352
0.98333333333333328,0.32500000000000001,0.3091301203643641
0.98333333333333328,0.34999999999999998,0.33119213190916419
0.98333333333333328,0.375,0.35289786669695922
0.98333333333333328,0.40000000000000002,0.37423030307784305
0.98333333333333328,0.42499999999999999,0.39517388567378819
0.98333333333333328,0.45000000000000001,0.41571454284896264
0.98333333333333328,0.47499999999999998,0.43583969343435286
0.98333333333333328,0.5,0.45553824319873387
0.98333333333333328,0.52500000000000002,0.47480057165532774
0.98333333333333328,0.55000000000000004,0.49361850987478495
0.98333333333333328,0.57499999999999996,0.51198531004007042
0.98333333333333328,0.59999999999999998,0.52989560752752929
0.98333333333333328,0.625,0.54734537633127589
0.98333333333333328,0.65000000000000002,0.56433187866589385
0.98333333333333328,0.67500000000000004,0.58085360958627219
0.98333333333333328,0.69999999999999996,0.59691023745449978
0.98333333333333328,0.72499999999999998,0.61250254106349655
0.98333333333333328,0.75,0.62763234419698288
0.98333333333333328,0.77500000000000002,0.64230244836702655
0.98333333333333328,0.80000000000000004,0.65651656442530604
0.98333333333333328,0.82499999999999996,0.67027924369392233
0.98333333333333328,0.84999999999999998,0.68359580920749163
0.98333333333333328,0.875,0.69647228760173796
0.98333333333333328,0.90000000000000002,0.70891534212606944
0.98333333333333328,0.92500000000000004,0.72093220719978257
0.98333333333333328,0.94999999999999996,0.73253062487454934
0.98333333333333328,0.97499999999999998,0.7437187835104927
0.98333333333333328,1,0.75450525892015663
0.98333333333333328,1.0249999999999999,0.76489895818452758
0.98333333333333328,1.05,0.77490906629840062
0.98333333333333328,1.075,0.78454499575907699
0.98333333333333328,1.1000000000000001,0.79381633917284378
0.98333333333333328,1.125,0.80273282491796449
0.98333333333333328,1.1499999999999999,0.81130427587107656
0.98333333333333328,1.175,0.81954057117582191
0.98333333333333328,1.2,0.82745161100816667
0.98333333333333328,1.2250000000000001,0.83504728427200858
0.98333333333333328,1.25,0.84233743914112913
0.98333333333333328,1.2749999999999999,0.84933185634911923
0.98333333333333328,1.3,0.85604022511733202
0.98333333333333328,1.325,0.86247212160196174
0.98333333333333328,1.3500000000000001,0.86863698973475811
0.98333333333333328,1.375,0.87454412432740636
0.98333333333333328,1.3999999999999999,0.88020265630700423
0.98333333333333328,1.425,0.8856215399490972
0.98333333333333328,1.45,0.89080954197518969
0.98333333333333328,1.4750000000000001,0.89577523238331058
0.98333333333333328,1.5,0.90052697688288652
1,0,0
1,0.025000000000000001,0.024994792968420686
1,0.050000000000000003,0.049958374957879977
1,0.074999999999999997,0.074859690687499092
1,0.10000000000000001,0.099667994624955819
1,0.125,0.12435300177159619
1,0.14999999999999999,0.14888503362331798
1,0.17499999999999999,0.17323515783466012
1,0.20000000000000001,0.19737532022490401
1,0.22500000000000001,0.22127846789844399
1,0.25,0.24491866240370913
1,0.27500000000000002,0.26827118202160138
1,0.29999999999999999,0.2913126124515909
1,0.32500000000000001,0.31402092534699755
1,0.34999999999999998,0.33637554433633221
1,0.375,0.35835739835078595
1,0.40000000000000002,0.3799489622552249
1,0.42499999999999999,0.40113428494794584
1,0.45000000000000001,0.4218990052500079
1,0.47499999999999998,0.44223035604572614
1,0.5,0.46211715726000974
1,0.52500000000000002,0.48154979836430806
1,0.55000000000000004,0.50052021119023526
1,0.57499999999999996,0.5190218338982221
1,0.59999999999999998,0.5370495669980353
1,0.625,0.55459972234938226
1,0.65000000000000002,0.57166996608511733
1,0.67500000000000004,0.58825925639810539
1,0.69999999999999996,0.60436777711716361
1,0.72499999999999998,0.61999686796937403
1,0.75,0.6351489523872873
1,0.77500000000000002,0.64982746367192035
1,0.80000000000000004,0.66403677026784913
1,0.82499999999999996,0.67778210084682955
1,0.84999999999999998,0.69106946983293049
1,0.875,0.70390560393662116
1,0.90000000000000002,0.71629787019902447
1,0.92500000000000004,0.72825420598181145
1,0.94999999999999996,0.73978305127400423
1,0.97499999999999998,0.75089328362516705
1,1,0.76159415595576485
1,1.0249999999999999,0.77189523744041821
1,1.05,0.78180635760877415
1,1.075,0.79133755376199733
1,1.1000000000000001,0.8004990217606297
1,1.125,0.80930107020178099
1,1.1499999999999999,0.81775407797028765
1,1.175,0.8258684551194575
1,1.2,0.83365460701215521
1,1.2250000000000001,0.84112290163204328
1,1.25,0.84828363995751288
1,1.2749999999999999,0.85514702927696451
1,1.3,0.86172315931330634
1,1.325,0.86802198101756245
1,1.3500000000000001,0.874053287886007
1,1.375,0.87982669965198479
1,1.3999999999999999,0.88535164820226253
1,1.425,0.89063736556811846
1,1.45,0.89569287384316454
1,1.4750000000000001,0.90052697688288652
1,1.5,0.9051482536448664
